,exchange_id,ticker,name,sector,industry,country,website
85,4,AAA,AAF First Priority CLO Bond ETF,,,,
12,4,AAAU,Goldman Sachs Physical Gold ETF Shares,,,,
24,4,ABEQ,Absolute Core Strategy ETF,,,,
122,4,ACES,ALPS Clean Energy ETF,,,,
124,4,ACTV,LeaderShares Activist Leaders ETF,,,,
125,4,ACVF,American Conservative Values ETF,,,,
126,4,ACWF,iShares MSCI Global Multifactor ETF,,,,
127,4,ADIV,SmartETFs Asia Pacific Dividend Builder ETF,,,,
129,4,AEMB,American Century Emerging Markets Bond ETF,,,,
131,4,AFK,VanEck Africa Index ETF,,,,
132,4,AFLG,First Trust Active Factor Large Cap ETF,,,,
133,4,AFMC,First Trust Active Factor Mid Cap ETF,,,,
134,4,AFSM,First Trust Active Factor Small Cap ETF,,,,
135,4,AFTY,Pacer CSOP FTSE China A50 ETF,,,,
55,4,AGG,iShares Core U.S. Aggregate Bond ETF,,,,
56,4,AGGY,WisdomTree Yield Enhanced U.S. Aggregate Bond Fund,,,,
150,4,AGOV,Gavekal Asia Pacific Government Bond ETF,,,,
151,4,AGOX,Adaptive Alpha Opportunities ETF,,,,
152,4,AGQ,ProShares Ultra Silver,,,,
34,4,AGZ,iShares Agency Bond ETF,,,,
57,4,AHHX,Adaptive High Income ETF,,,,
920,4,AHYB,American Century Select High Yield ETF,,,,
58,4,AIEQ,AI Powered Equity ETF,,,,
59,4,AIIQ,AI Powered International Equity ETF,,,,
1074,4,ALTL,Pacer Lunt Large Cap Alternator ETF,,,,
1170,4,AMAX,RH Hedged Multi-Asset Income ETF,,,,
1115,4,AMJ,JP Morgan Alerian MLP Index ETN 5/24/24,,,,
1121,4,AMLP,Alerian MLP ETF,,,,
1176,4,AMNA,ETRACS Alerian Midstream Energy Index ETN,,,,
1135,4,AMND,ETRACS Alerian Midstream Energy High Dividend Index ETN,,,,
925,4,AMOM,Qraft AI-Enhanced US Large Cap Momentum ETF,,,,
930,4,AMTR,ETRACS Alerian Midstream Energy Total Return Index ETN,,,,
896,4,AMUB,"ETRACS Alerian MLP Index ETN Series B due July 18, 2042",,,,
912,4,AMZA,InfraCap MLP ETF,,,,
904,4,ANEW,ProShares MSCI Transformational Changes ETF,,,,
1183,4,AOA,iShares Core Aggressive Allocation ETF,,,,
916,4,AOK,iShares Core Moderate Allocation ETF,,,,
917,4,AOM,iShares Core Moderate Allocation ETF,,,,
919,4,AOR,iShares Core Growth Allocation ETF,,,,
926,4,AQGX,AI Quality Growth ETF,,,,
900,4,ARB,AltShares Merger Arbitrage ETF,,,,
897,4,ARGT,Global X MSCI Argentina ETF,,,,
924,4,ARKF,ARK Fintech Innovation ETF,,,,
1184,4,ARKK,ARK Innovation ETF,,,,
929,4,ARKW,ARK Next Generation Internet ETF,,,,
918,4,ARMR,Armor US Equity Index ETF,,,,
976,4,ASEA,Global X FTSE Southeast Asia ETF,,,,
977,4,ASHR,Xtrackers Harvest CSI 300 China A-Shares ETF,,,,
978,4,ASHS,Xtrackers Harvest CSI 500 China A-Shares Small Cap ETF,,,,
979,4,ASHX,Xtrackers MSCI China A Inclusion Equity ETF,,,,
984,4,ASPY,ASYMshares ASYMmetric S&P 500 ETF,,,,
986,4,ATFV,Alger 35 ETF,,,,
1189,4,AUSF,Global X Adaptive U.S. Factor ETF,,,,
1003,4,AVDE,Avantis International Equity ETF,,,,
1007,4,AVDV,Avantis International Small Cap Value ETF,,,,
1004,4,AVEM,Avantis Emerging Markets Equity ETF,,,,
1005,4,AVES,Avantis Emerging Markets Value ETF,,,,
1008,4,AVIG,Avantis Core Fixed Income ETF,,,,
1011,4,AVIV,Avantis International Large Cap Value ETF,,,,
1014,4,AVLV,Avantis U.S. Large Cap Value ETF,,,,
1015,4,AVMU,Avantis Core Municipal Fixed Income ETF,,,,
1016,4,AVRE,Avantis Real Estate ETF,,,,
1017,4,AVSF,Avantis Short-Term Fixed Income ETF,,,,
1019,4,AVUS,Avantis U.S. Equity ETF,,,,
1020,4,AVUV,Avantis U.S. Small Cap Value ETF,,,,
1194,4,AWAY,ETFMG Travel Tech ETF,,,,
1021,4,AWTM,National Investment Services Ultra-Short Duration Enhanced Income ETF,,,,
1199,4,AWYX,ETFMG 2x Daily Travel Tech ETF,,,,
1022,4,AZAA,AllianzIM U.S. Large Cap Buffer10 Apr ETF,,,,
1023,4,AZAJ,AllianzIM U.S. Large Cap Buffer10 Jan ETF,,,,
1024,4,AZAL,AllianzIM U.S. Large Cap Buffer10 Jul ETF,,,,
1025,4,AZAO,AllianzIM U.S. Large Cap Buffer10 Oct ETF,,,,
1203,4,AZBA,AllianzIM U.S. Large Cap Buffer20 Apr ETF,,,,
1204,4,AZBJ,AllianzIM U.S. Large Cap Buffer20 Jan ETF,,,,
1205,4,AZBL,AllianzIM U.S. Large Cap Buffer20 Jul ETF,,,,
1206,4,AZBO,AllianzIM U.S. Large Cap Buffer20 Oct ETF,,,,
972,4,BAB,Invesco Taxable Municipal Bond ETF,,,,
1208,4,BAL,iPath Series B Bloomberg Cotton Subindex Total ReturnSM ETN,,,,
980,4,BAR,GraniteShares Gold Shares,,,,
1134,4,BATT,Amplify Lithium & Battery Technology ETF,,,,
983,4,BBC,Virtus LifeSci Biotech Clinical Trials ETF,,,,
987,4,BBMC,JPMorgan BetaBuilders U.S. Mid Cap Equity ETF,,,,
988,4,BBP,Virtus LifeSci Biotech Products ETF,,,,
991,4,BBSC,JPMorgan BetaBuilders U.S. Small Cap Equity ETF,,,,
997,4,BCD,abrdn Bloomberg All Commodity Longer Dated Strategy K-1 Free ETF,,,,
1211,4,BCI,abrdn Bloomberg All Commodity Strategy K-1 Free ETF,,,,
1212,4,BCIM,abrdn Bloomberg Industrial Metals Strategy K-1 Free ETF,,,,
1213,4,BCM,iPath Pure Beta Broad Commodity ETN,,,,
60,4,BDCX,"ETRACS Quarterly Pay 1.5X Leveraged MVIS BDC Index ETN due June 10, 2050",,,,
1000,4,BDCZ,"ETRACS MVIS Business Development Companies Index ETN due April 26, 2041",,,,
915,4,BDRY,Breakwave Dry Bulk Shipping ETF,,,,
909,4,BECO,BlackRock Future Climate and Sustainable Economy ETF,,,,
905,4,BEDZ,AdvisorShares Hotel ETF,,,,
895,4,BERZ,MicroSectors FANG & Innovation -3x Inverse Leveraged ETN,,,,
922,4,BETZ,Roundhill Sports Betting & iGaming ETF,,,,
29,4,BFOR,Barron's 400 ETF,,,,
1018,4,BFTR,BlackRock Future Innovators ETF,,,,
981,4,BIBL,Inspire 100 ETF,,,,
985,4,BIDS,Amplify Digital & Online Trading ETF,,,,
990,4,BIGY,Defiance Next Gen Big Data ETF,,,,
993,4,BIL,SPDR Bloomberg 1-3 Month T-Bill ETF,,,,
995,4,BILS,SPDR Bloomberg 3-12 Month T-Bill ETF,,,,
1002,4,BITO,ProShares Bitcoin Strategy ETF,,,,
1006,4,BITQ,Bitwise Crypto Industry Innovators ETF,,,,
1010,4,BIV,Vanguard Intermediate-Term Bond ETF,,,,
1013,4,BIZD,VanEck BDC Income ETF,,,,
898,4,BKAG,BNY Mellon Core Bond ETF,,,,
1026,4,BKEM,BNY Mellon Emerging Markets Equity ETF,,,,
974,4,BKF,iShares MSCI BRIC Index Fund,,,,
975,4,BKHY,BNY Mellon High Yield Beta ETF,,,,
982,4,BKIE,BNY Mellon International Equity ETF,,,,
994,4,BKLC,BNY Mellon US Large Cap Core Equity ETF,,,,
989,4,BKLN,Invesco Senior Loan ETF,,,,
996,4,BKMC,BNY Mellon US Mid Cap Core Equity ETF,,,,
1001,4,BKSB,BNY Mellon Short Duration Corporate Bond ETF,,,,
1009,4,BKSE,BNY Mellon US Small Cap Core Equity ETF,,,,
899,4,BKUI,BNY Mellon Ultra Short Income ETF,,,,
973,4,BLES,Inspire Global Hope ETF,,,,
992,4,BLHY,Virtus Newfleet High Yield Bond ETF,,,,
1012,4,BLOK,Amplify Transformational Data Sharing ETF,,,,
999,4,BLV,Vanguard Long-Term Bond ETF,,,,
998,4,BMED,BlackRock Future Health ETF,,,,
870,4,BNDC,FlexShares Core Select Bond Fund,,,,
871,4,BNDD,Quadratic Deflation ETF,,,,
872,4,BNE,Blue Horizon BNE ETF,,,,
873,4,BNKD,MicroSectorsTM U.S. Big Banks Index -3X Inverse Leveraged ETNs,,,,
874,4,BNKU,MicroSectorsTM U.S. Big Banks Index 3X Leveraged ETNs,,,,
875,4,BNO,"United States Brent Oil Fund, LP",,,,
877,4,BOAT,SonicShares Global Shipping ETF,,,,
878,4,BOIL,ProShares Ultra Bloomberg Natural Gas,,,,
879,4,BOND,PIMCO Active Bond Exchange-Traded Fund,,,,
880,4,BOUT,Innovator IBD Breakout Opportunities ETF,,,,
883,4,BRF,VanEck Brazil Small-Cap ETF,,,,
887,4,BRZU,Direxion Daily MSCI Brazil Bull 2X Shares,,,,
888,4,BSEA,ETFMG Breakwave Sea Decarbonization Tech ETF,,,,
865,4,BSV,Vanguard Short-Term Bond ETF,,,,
893,4,BTAL,AGFiQ U.S. Market Neutral Anti-Beta Fund,,,,
894,4,BTCR,Volt Crypto Industry Revolution and Tech ETF,,,,
906,4,BTEK,BlackRock Future Tech ETF,,,,
19,4,BUDX,Cannabis Growth ETF,,,,
20,4,BUL,Pacer US Cash Cows Growth ETF,,,,
11,4,BULZ,MicroSectors FANG & Innovation 3x Leveraged ETN,,,,
907,4,BUZZ,VanEck Social Sentiment ETF,,,,
881,4,BWX,SPDR Bloomberg International Treasury Bond ETF,,,,
882,4,BWZ,SPDR Bloomberg Short Term International Treasury Bond ETF,,,,
884,4,BYLD,iShares Yield Optimized Bond ETF,,,,
885,4,BYTE,Roundhill IO Digital Infrastructure ETF,,,,
5,4,BZQ,ProShares UltraShort MSCI Brazil Capped,,,,
61,4,CANE,Teucrium Sugar Fund,,,,
876,4,CAPE,iPath Shiller CAPE ETN,,,,
886,4,CBLS,Changebridge Capital Long/Short Equity ETF,,,,
1226,4,CBON,VanEck China Bond ETF,,,,
1228,4,CBSE,Changebridge Capital Sustainable Equity ETF,,,,
891,4,CCOR,Core Alternative Capital,,,,
1232,4,CCRV,iShares Commodity Curve Carry Strategy ETF,,,,
890,4,CEF,Sprott Physical Gold and Silver Trust,,,,
892,4,CEFD,ETRACS Monthly Pay 1.5X Leveraged Closed-End Fund Index ETN,,,,
889,4,CEW,WisdomTree  Emerging Currency Strategy Fund,,,,
934,4,CGW,Invesco S&P Global Water Index ETF,,,,
931,4,CHAD,Direxion Daily CSI 300 China A Share Bear 1X Shares,,,,
932,4,CHAU,Direxion Daily CSI 300 China A Share Bull 2X Shares,,,,
935,4,CHGX,Change Finance U.S. Large Cap Fossil Fuel Free ETF,,,,
937,4,CHIC,Global X MSCI China Communication Services ETF,,,,
938,4,CHIE,Global X MSCI China Energy ETF,,,,
940,4,CHIH,Global X MSCI China Health Care ETF,,,,
941,4,CHII,Global X MSCI China Industrials ETF,,,,
942,4,CHIK,Global X MSCI China Information Technology ETF,,,,
943,4,CHIM,Global X MSCI China Materials ETF,,,,
944,4,CHIQ,Global X MSCI China Consumer Discretionary ETF,,,,
908,4,CHIR,Global X MSCI China Real Estate ETF,,,,
945,4,CHIS,Global X MSCI China Consumer Staples ETF,,,,
946,4,CHIU,Global X MSCI China Utilities ETF,,,,
947,4,CHIX,Global X MSCI China Financials ETF,,,,
948,4,CHLD,LifeGoal Children Investment ETF,,,,
965,4,CLDL,Direxion Daily Cloud Computing Bull 2X Shares,,,,
966,4,CLDS,Direxion Daily Cloud Computing Bear 2X Shares,,,,
967,4,CLIX,ProShares Long Online/Short Stores ETF,,,,
62,4,CLMA,iClima Global Decarbonization Transition Leaders ETF,,,,
970,4,CLNR,IQ Cleaner Transport ETF,,,,
936,4,CLSA,Cabana Target Leading Sector Aggressive ETF,,,,
32,4,CLSC,Cabana Target Leading Sector Conservative ETF,,,,
939,4,CLSM,Cabana Target Leading Sector Moderate ETF,,,,
949,4,CLTL,Invesco Treasury Collateral ETF,,,,
951,4,CMBS,iShares CMBS ETF,,,,
953,4,CMDY,iShares Bloomberg Roll Select Commodity Strategy ETF,,,,
955,4,CMF,iShares California Muni Bond ETF,,,,
962,4,CN,Xtrackers MSCI All China Equity ETF,,,,
9,4,CNBS,Amplify Seymour Cannabis ETF,,,,
950,4,CNRG,SPDR S&P Kensho Clean Power ETF,,,,
958,4,CNXT,VanEck Vectors ChinaAMC SME-ChiNext ETF,,,,
963,4,COM,Direxion Auspice Broad Commodity Strategy ETF,,,,
964,4,COMB,GraniteShares Bloomberg Commodity Broad Strategy No K-1 ETF,,,,
1783,4,COPX,Global X Copper Miners ETF (NEW),,,,
968,4,CORN,Teucrium Corn Fund,,,,
969,4,CORP,PIMCO Investment Grade Corporate Bond Index Exchange-Traded Fund,,,,
933,4,COW,iPath Series B Bloomberg Livestock Subindex Total ReturnSM ETN,,,,
954,4,CPER,United States Copper Index Fund,,,,
957,4,CPI,CPI Inflation Hedged ETF,,,,
952,4,CQQQ,Invesco China Technology ETF,,,,
956,4,CRAK,VanEck Oil Refiners ETF,,,,
960,4,CRBN,iShares MSCI ACWI Low Carbon Target ETF,,,,
971,4,CROC,ProShares UltraShort Australian Dollar,,,,
961,4,CRPT,First Trust SkyBridge Crypto Industry and Digital Economy ETF,,,,
959,4,CRUZ,"Defiance Hotel, Airline, and Cruise ETF",,,,
1177,4,CSD,Invesco S&P Spin-Off ETF,,,,
1412,4,CTEX,ProShares S&P Kensho Cleantech ETF,,,,
921,4,CUBS,Asian Growth Cubs ETF,,,,
63,4,CURE,Direxion Daily Healthcare Bull 3X Shares,,,,
64,4,CUT,Invesco MSCI Global Timber ETF,,,,
65,4,CVY,Invesco Zacks Multi-Asset Income ETF,,,,
36,4,CWB,SPDR Bloomberg Convertible Securities ETF,,,,
234,4,CWEB,Direxion Daily CSI China Internet Index Bull 2X Shares,,,,
556,4,CWI,SPDR MSCI ACWI ex-US ETF,,,,
66,4,CWS,AdvisorShares Focused Equity ETF,,,,
18,4,CYA,Simplify Tail Risk Strategy ETF,,,,
16,4,CYB,WisdomTree  Chinese Yuan Strategy Fund,,,,
31,4,CZA,Invesco Zacks Mid-Cap ETF,,,,
67,4,DAT,ProShares Big Data Refiners ETF,,,,
10,4,DBA,Invesco DB Agriculture Fund,,,,
8,4,DBAW,Xtrackers MSCI All World ex US Hedged Equity ETF,,,,
7,4,DBB,Invesco DB Base Metals Fund,,,,
68,4,DBC,Invesco DB Commodity Index Tracking Fund,,,,
69,4,DBE,Invesco DB Energy Fund,,,,
70,4,DBEF,Xtrackers MSCI EAFE Hedged Equity ETF,,,,
71,4,DBEH,Litman Gregory Funds Trust iM DBi Hedge Strategy ETF,,,,
72,4,DBEM,Xtrackers MSCI Emerging Markets Hedged Equity ETF,,,,
73,4,DBEU,Xtrackers MSCI Europe Hedged Equity ETF,,,,
6,4,DBEZ,Xtrackers MSCI Eurozone Hedged Equity ETF,,,,
35,4,DBGR,Xtrackers MSCI Germany Hedged Equity ETF,,,,
30,4,DBJP,Xtrackers MSCI Japan Hedged Equity ETF,,,,
28,4,DBLV,AdvisorShares DoubleLine Value Equity ETF,,,,
928,4,DBMF,Litman Gregory Funds Trust iM DBi Managed Futures Strategy ETF,,,,
27,4,DBO,Invesco DB Oil Fund,,,,
1187,4,DBP,Invesco DB Precious Metals Fund,,,,
17,4,DBS,Invesco DB Silver Fund,,,,
1416,4,DBV,Invesco DB G10 Currency Harvest Fund,,,,
74,4,DDG,Proshares Short Oil & Gas,,,,
1421,4,DDM,ProShares Ultra Dow30,,,,
15,4,DEED,First Trust TCW Securitized Plus ETF,,,,
1422,4,DEEF,Xtrackers FTSE Developed ex US Multifactor ETF,,,,
1423,4,DEEP,Roundhill Acquirers Deep Value ETF,,,,
1424,4,DEF,Invesco Defensive Equity ETF,,,,
1428,4,DEM,WisdomTree Emerging Markets High Dividend Fund,,,,
1430,4,DES,WisdomTree U.S. SmallCap Dividend Fund,,,,
1432,4,DEUS,Xtrackers Russell US Multifactor ETF,,,,
1435,4,DEW,WisdomTree Global High Dividend Fund,,,,
1436,4,DFAC,Dimensional U.S. Core Equity 2 ETF,,,,
1437,4,DFAE,Dimensional Emerging Core Equity Market ETF,,,,
1438,4,DFAI,Dimensional International Core Equity Market ETF,,,,
1439,4,DFAS,Dimensional U.S. Small Cap ETF,,,,
1441,4,DFAT,Dimensional U.S. Targeted Value ETF,,,,
1442,4,DFAU,Dimensional US Core Equity Market ETF,,,,
1443,4,DFAX,Dimensional World ex U.S. Core Equity 2 ETF,,,,
1444,4,DFCF,Dimensional Core Fixed Income ETF,,,,
1445,4,DFE,WisdomTree Europe SmallCap Dividend Fund,,,,
1446,4,DFEN,Direxion Daily Aerospace & Defense Bull 3X Shares,,,,
1447,4,DFIP,Dimensional Inflation-Protected Securities ETF,,,,
1448,4,DFIV,Dimensional International Value ETF,,,,
1449,4,DFJ,WisdomTree Japan SmallCap Dividend Fund,,,,
1452,4,DFNM,Dimensional National Municipal Bond ETF,,,,
1454,4,DFSD,Dimensional Short-Duration Fixed Income ETF,,,,
1188,4,DFUS,Dimensional U.S. Equity ETF,,,,
1455,4,DGL,Invesco DB Gold Fund,,,,
0,4,DGP,"DB Gold Double Long ETN due February 15, 2038",,,,
1458,4,DGRO,iShares Core Dividend Growth ETF,,,,
75,4,DGS,WisdomTree Emerging Markets SmallCap Dividend Fund,,,,
76,4,DGT,SPDR Global Dow ETF (based on The Global Dow),,,,
1460,4,DGZ,"DB Gold Short ETN due February 15, 2038",,,,
1464,4,DHS,WisdomTree U.S. High Dividend Fund,,,,
1466,4,DIA,SPDR Dow Jones Industrial Average ETF Trust,,,,
77,4,DIAL,Columbia Diversified Fixed Income Allocation ETF,,,,
1124,4,DIG,ProShares Ultra Oil & Gas,,,,
1467,4,DIM,WisdomTree International MidCap Dividend Fund,,,,
1470,4,DIV,Global X SuperDividend U.S. ETF,,,,
78,4,DIVA,AGFiQ Hedged Dividend Income Fund,,,,
1471,4,DIVO,Amplify CWP Enhanced Dividend Income ETF,,,,
1472,4,DIVS,SmartETFs Dividend Builder ETF,,,,
1473,4,DIVZ,TrueShares Low Volatility Equity Income ETF,,,,
1474,4,DJCB,"ETRACS Bloomberg Commodity Index Total Return ETN Series B due October 31, 2039",,,,
1475,4,DJD,Invesco Dow Jones Industrial Average Dividend ETF,,,,
1476,4,DJP,"iPath Bloomberg Commodity Index Total Return ETN due June 12, 2036",,,,
1192,4,DLN,WisdomTree U.S. LargeCap Dividend Fund,,,,
1484,4,DLS,WisdomTree International SmallCap Dividend Fund,,,,
1196,4,DMCY,Democracy International Fund,,,,
1198,4,DMDV,AAM S& P Developed Markets High Dividend Value ETF,,,,
1490,4,DMRE,DeltaShares S&P EM 100 & Managed Risk ETF,,,,
1491,4,DMRI,DeltaShares S&P International Managed Risk ETF,,,,
1492,4,DMRL,DeltaShares S&P 500 Managed Risk ETF,,,,
1493,4,DMRM,DeltaShares S&P 400 Managed Risk ETF,,,,
1201,4,DMRS,DeltaShares S&P 600 Managed Risk ETF,,,,
79,4,DNL,WisdomTree Global ex-US Quality Dividend Growth Fund,,,,
1402,4,DOG,ProShares Short Dow30,,,,
1403,4,DOL,WisdomTree International LargeCap Dividend Fund,,,,
1404,4,DON,WisdomTree U.S. MidCap Dividend Fund,,,,
1406,4,DOO,WisdomTree international Dividend Ex-Financials Fund,,,,
1408,4,DOZR,Direxion Daily US Infrastructure Bull 2X Shares,,,,
1415,4,DPST,Direxion Daily Regional Banks Bull 3X Shares,,,,
1420,4,DRIP,Direxion Daily S&P Oil & Gas Exp. & Prod. Bear 2X Shares,,,,
1425,4,DRN,Direxion Daily Real Estate Bull 3X,,,,
1429,4,DRV,Direxion Daily Real Estate Bear 3X Shares,,,,
1431,4,DRW,WisdomTree Global ex-US Real Estate Fund,,,,
1214,4,DSCF,Discipline Fund ETF,,,,
1453,4,DSI,iShares MSCI KLD 400 Social ETF,,,,
1457,4,DSPC,The De-SPAC ETF,,,,
1462,4,DSTL,Distillate U.S. Fundamental Stability & Value ETF,,,,
1463,4,DSTX,Distillate International Fundamental Stability & Value ETF,,,,
1468,4,DTD,WisdomTree U.S. Total Dividend Fund,,,,
1469,4,DTEC,ALPS Disruptive Technologies ETF,,,,
1477,4,DTH,WisdomTree International High Dividend Fund,,,,
80,4,DTN,WisdomTree U.S. Dividend ex-Financials Fund,,,,
1215,4,DTOX,Amplify Cleaner Living ETF,,,,
1479,4,DUG,ProShares UltraShort Oil & Gas,,,,
1481,4,DUSL,Direxion Daily Industrials Bull 3X Shares,,,,
1482,4,DUST,Direxion Daily Gold Miners Index Bear 2X Shares,,,,
1217,4,DVYA,iShares Asia/Pacific Dividend ETF,,,,
1218,4,DVYE,iShares Emerging Markets Dividend ETF,,,,
1398,4,DWM,WisdomTree International Equity Fund,,,,
1399,4,DWMF,WisdomTree International Multifactor Fund,,,,
1407,4,DWX,SPDR S&P International Dividend ETF,,,,
1410,4,DXD,ProShares UltraShort Dow 30,,,,
1220,4,DXJ,WisdomTree Japan Hedged Equity Fund,,,,
910,4,DYHG,Direxion Dynamic Hedge ETF,,,,
1411,4,DYLD,LeaderShares Dynamic Yield ETF,,,,
1413,4,DYNF,BlackRock U.S. Equity Factor Rotation ETF,,,,
911,4,DZZ,"DB Gold Double Short ETN due February 15, 2038",,,,
1418,4,EAGG,iShares ESG Aware U.S. Aggregate Bond ETF,,,,
1426,4,EAPR,Innovator Emerging Markets Power Buffer ETF - April,,,,
1427,4,EASG,Xtrackers MSCI EAFE ESG Leaders Equity ETF,,,,
1434,4,EATZ,AdvisorShares Restaurant ETF,,,,
1456,4,EBLU,Ecofin Global Water ESG Fund,,,,
1459,4,EBND,SPDR Bloomberg Emerging Markets Local Bond ETF,,,,
866,4,ECLN,First Trust EIP Carbon Impact ETF,,,,
1494,4,ECNS,iShares MSCI China Small-Cap ETF,,,,
1395,4,ECON,Columbia Emerging Markets Consumer ETF,,,,
1223,4,ECOZ,TrueShares ESG Active Opportunities ETF,,,,
1417,4,EDC,"Direxion Daily Emerging Markets Bull 3X Shares, Shares of beneficial interest, no par value",,,,
913,4,EDIV,SPDR S&P Emerging Markets Dividend ETF,,,,
1450,4,EDOG,ALPS Emerging Sector Dividend Dogs ETF,,,,
1451,4,EDOW,First Trust Dow 30 Equal Weight ETF,,,,
1478,4,EDV,Vanguard World Funds Extended Duration ETF,,,,
1485,4,EDZ,Direxion Daily Emerging Markets Bear 3x Shares,,,,
1486,4,EEH,ELEMENTS Linked to the SPECTRUM Large Cap U.S.Sector Momentum Index,,,,
1487,4,EELV,Invesco S&P Emerging Markets Low Volatility ETF,,,,
1488,4,EEM,iShares MSCI Emerging Markets ETF,Financial,Closed-End Fund - Foreign,United States,http://www.ishares.com/us/products/239637/ishares-msci-emerging-markets-etf
1489,4,EEMD,AAM S&P Emerging Markets High Dividend Value ETF,,,,
1394,4,EEMO,Invesco S&P Emerging Markets Momentum ETF,,,,
1396,4,EEMS,iShares MSCI Emerging Markets Small-Cap ETF,,,,
1397,4,EEMX,SPDR MSCI Emerging Markets Fossil Fuel Reserves Free ETF,,,,
1405,4,EERN,DriveWealth Power Saver ETF,,,,
1409,4,EES,WisdomTree U.S. SmallCap Fund,,,,
81,4,EET,ProShares Ultra MSCI Emerging Markets,,,,
1414,4,EEV,ProShares Trust UltraShort MSCI Emerging Markets,,,,
1419,4,EFA,iShares MSCI EAFE ETF,,,,
82,4,EFAX,SPDR MSCI EAFE Fossil Fuel Reserves Free ETF,,,,
83,4,EFIV,SPDR S&P 500 ESG ETF,,,,
84,4,EFIX,First Trust TCW Emerging Markets Debt ETF,,,,
1227,4,EFO,ProShares Ultra MSCI EAFE,,,,
1480,4,EFU,ProShares Trust UltraShort MSCI EAFE,,,,
1483,4,EFZ,ProShares Trust Short MSCI EAFE,,,,
1465,4,EGPT,VanEck Egypt Index ETF,,,,
1400,4,EIDO,iShares MSCI Indonesia ETF,,,,
1433,4,EINC,VanEck Energy Income ETF,,,,
1401,4,EIRL,iShares MSCI Ireland ETF,,,,
2,4,EIS,iShares MSCI Israel ETF,,,,
3,4,EJAN,Innovator Emerging Markets Power Buffer ETF - January,,,,
1440,4,EJUL,Innovator Emerging Markets Power Buffer ETF - July,,,,
1393,4,EKAR,Capital Link NextGen Vehicles & Technology ETF,,,,
1461,4,ELD,WisdomTree Emerging Markets Local Debt Fund,,,,
13,4,ELQD,iShares ESG Advanced Investment Grade Corporate Bond ETF,,,,
1495,4,EMBD,Global X Emerging Markets Bond ETF,,,,
1496,4,EMBH,iShares Interest Rate Hedged Emerging Markets Bond ETF,,,,
1497,4,EMCR,Xtrackers Emerging Markets Carbon Reduction and Climate Improvers ETF,,,,
1498,4,EMFM,Global X MSCI Next Emerging & Frontier ETF,,,,
1499,4,EMHC,SPDR Bloomberg Emerging Markets USD Bond ETF,,,,
1230,4,EMLC,VanEck J. P. Morgan EM Local Currency Bond ETF,,,,
1500,4,EMLP,First Trust North American Energy Infrastructure Fund,,,,
1501,4,EMMF,WisdomTree Emerging Markets Multifactor Fund,,,,
1502,4,EMNT,PIMCO Enhanced Short Maturity Active ESG ETF,,,,
1503,4,EMQQ,EMQQ The Emerging Markets Internet & Ecommerce ETF,,,,
1504,4,EMSG,Xtrackers MSCI Emerging Markets ESG Leaders Equity ETF,,,,
1505,4,EMTY,ProShares Decline of the Retail Store ETF,,,,
1506,4,ENFR,Alerian Energy Infrastructure ETF,,,,
1507,4,ENTR,ERShares Entrepreneurs ETF,,,,
1508,4,EOCT,Innovator Emerging Markets Power Buffer ETF-October,,,,
1509,4,EPHE,iShares MSCI Philippines ETF,,,,
1510,4,EPI,WisdomTree India Earnings Fund ETF,,,,
1511,4,EPOL,iShares MSCI Poland ETF,,,,
1512,4,EPP,iShares MSCI Pacific ex Japan ETF,,,,
1513,4,EPRE,First Trust TCW ESG Premier Equity ETF,,,,
1514,4,EPS,WisdomTree U.S. LargeCap Fund,,,,
1515,4,EPU,iShares MSCI Peru ETF,,,,
1516,4,EPV,ProShares UltraShort FTSE Europe,,,,
1517,4,EQAL,Invesco Russell 1000 Equal Weight ETF,,,,
1518,4,EQL,ALPS Equal Sector Weight ETF,,,,
1519,4,EQOP,Natixis U.S. Equity Opportunities ETF,,,,
1520,4,EQUL,IQ Engender Equality ETF,,,,
1521,4,EQWL,Invesco S&P 100 Equal Weight ETF,,,,
1522,4,ERM,EquityCompass Risk Manager ETF,,,,
1523,4,ERSX,ERShares NextGen Entrepreneurs ETF,,,,
1524,4,ERTH,Invesco MSCI Sustainable Future ETF,,,,
1525,4,ERUS,iShares MSCI Russia ETF,,,,
1526,4,ERX,Direxion Daily Energy Bull 2X Shares,,,,
1233,4,ERY,Direxion Daily Energy Bear 2X Shares,,,,
1234,4,ESBA,"EMPIRE STATE REALTY OP, L.P.  SERIES ES",Real Estate,REIT—Diversified,United States,http://www.empirestaterealtytrust.com
1527,4,ESGA,American Century Sustainable Equity ETF,,,,
1528,4,ESGB,IQ MacKay ESG Core Plus Bond ETF,,,,
1529,4,ESGN,Columbia Sustainable International Equity Income ETF,,,,
1530,4,ESGS,Columbia Sustainable U.S. Equity Income ETF,,,,
1182,4,ESGY,American Century Sustainable Growth ETF,,,,
1531,4,ESUS,ETRACS 2x Leveraged MSCI USA ESG Focus TR ETN,,,,
1532,4,ETHO,ETF Managers Trust New Issue,,,,
1533,4,EUDG,WisdomTree Europe Quality Dividend Growth Fund,,,,
1534,4,EUFX,ProShares Short Euro,,,,
1535,4,EUM,ProShares Trust Short MSCI Emerging Markets,,,,
1536,4,EUO,ProShares UltraShort Euro,,,,
1537,4,EURL,Direxion Daily FTSE Europe Bull 3x Shares,,,,
1538,4,EUSA,iShares MSCI USA Equal Weighted ETF,,,,
1539,4,EUSB,iShares ESG Advanced Total USD Bond Market ETF,,,,
1540,4,EUSC,WisdomTree Europe Hedged SmallCap Equity Fund,,,,
1541,4,EVNT,AltShares Event-Driven ETF,,,,
1542,4,EVX,VanEck Environmental Services ETF,,,,
21,4,EWA,iShares MSCI Australia ETF,,,,
1543,4,EWC,iShares MSCI Canada ETF,,,,
1544,4,EWCO,Invesco Exchange-Traded Fund Trust Invesco S&P 500 Equal Weight Communication Services ETF,,,,
1545,4,EWD,iShares MSCI Sweden ETF,,,,
1546,4,EWG,iShares MSCI Germany ETF,,,,
1547,4,EWH,iShares MSCI Hong Kong ETF,Financial,Closed-End Fund - Foreign,United States,http://www.ishares.com/us/products/239657/ishares-msci-hong-kong-etf
1548,4,EWI,iShares MSCI Italy ETF,Financial,Closed-End Fund - Foreign,United States,http://www.ishares.com/us/products/239664/ishares-msci-italy-capped-etf
1549,4,EWJ,iShares MSCI Japan ETF,,,,
1550,4,EWK,iShares MSCI Belgium ETF,,,,
1551,4,EWL,iShares MSCI Switzerland ETF,,,,
1552,4,EWM,iShares MSCI Malaysia ETF,,,,
1553,4,EWMC,Invesco S&P MidCap 400 Equal Weight ETF,,,,
1554,4,EWN,iShares MSCI Netherlands ETF,,,,
1555,4,EWO,iShares MSCI Austria ETF,,,,
1556,4,EWP,iShares MSCI Spain ETF,,,,
1557,4,EWQ,iShares MSCI France ETF,,,,
1558,4,EWRE,Invesco S&P 500 Equal Weight Real Estate ETF,,,,
1559,4,EWS,iShares MSCI Singapore ETF,,,,
1560,4,EWSC,Invesco S&P SmallCap 600 Equal Weight ETF,,,,
1561,4,EWT,iShares MSCI Taiwan ETF,,,,
1191,4,EWU,iShares MSCI United Kingdom ETF,,,,
1562,4,EWV,ProShares Trust UltraShort MSCI Japan,,,,
1563,4,EWW,iShares MSCI Mexico ETF,,,,
1564,4,EWX,SPDR S&P Emerging Markets Small Cap ETF,,,,
1565,4,EWY,iShares MSCI South Korea ETF,,,,
1566,4,EWZ,iShares MSCI Brazil ETF,,,,
23,4,EXI,iShares Global Industrials ETF,,,,
1567,4,EZA,iShares MSCI South Africa ETF,,,,
1568,4,EZJ,ProShares Ultra MSCI Japan,,,,
1569,4,EZM,WisdomTree U.S. MidCap Fund,,,,
1570,4,FAN,First Trust Global Wind Energy ETF,,,,
1571,4,FAS,Direxion Daily Financial Bull 3x Shares,,,,
1572,4,FATT,Fat Tail Risk ETF,,,,
1573,4,FAZ,Direxion Daily Financial Bear 3x Shares,,,,
1574,4,FBGX,UBS AG FI Enhanced Large Cap Growth ETN,,,,
1575,4,FBND,Fidelity Total Bond ETF,,,,
1576,4,FBT,First Trust NYSE Arca Biotechnology Index Fund,,,,
1577,4,FCG,First Trust Natural Gas ETF,,,,
1578,4,FCOM,Fidelity MSCI Communication Services Index ETF,,,,
1579,4,FCOR,Fidelity Corporate Bond ETF,,,,
1580,4,FDD,First Trust STOXX European Select Dividend Income Fund,,,,
1581,4,FDHY,Fidelity High Yield Factor ETF,,,,
1582,4,FDIS,Fidelity MSCI Consumer Discretionary Index ETF,,,,
1583,4,FDL,First Trust Morningstar Dividend Leaders Index Fund,,,,
1584,4,FDLO,Fidelity Low Volatility Factor ETF,,,,
1585,4,FDM,First Trust Dow Jones Select MicroCap Index Fund,,,,
1586,4,FDMO,Fidelity Momentum Factor ETF,,,,
1587,4,FDN,First Trust Dow Jones Internet Index Fund ETF,,,,
1588,4,FDRR,Fidelity Dividend ETF for Rising Rates,,,,
1589,4,FDVV,Fidelity High Dividend ETF,,,,
1590,4,FDWM,Fidelity Women's Leadership ETF,,,,
1591,4,FEDL,ETRACS 2x Leveraged IFED Invest with the Fed TR Index ETN,,,,
1197,4,FEDM,FlexShares ESG & Climate Developed Markets ex-US Core Index Fund,,,,
1592,4,FEHY,FlexShares ESG & Climate High Yield Corporate Core Index Fund,,,,
1593,4,FEIG,FlexShares ESG & Climate Investment Grade Corporate Core Index Fund,,,,
1594,4,FENY,Fidelity MSCI Energy Index ETF,,,,
86,4,FEUL,"Credit Suisse FI Enhanced Europe 50 Exchange Traded Notes due May 11, 2028 Linked to the STOXX Europ",,,,
1595,4,FEUS,FlexShares ESG & Climate US Large Cap Core Index Fund,,,,
1596,4,FEVR,Inspire Faithward Large Cap Momentum ESG ETF,,,,
1597,4,FEZ,SPDR EURO STOXX 50 ETF,,,,
1598,4,FFIU,UVA Unconstrained Medium-Term Fixed Income ETF,,,,
1599,4,FFND,The Future Fund Active ETF,,,,
1600,4,FFR,First Trust FTSE EPRA/NAREIT Global Real Estate Index Fund,,,,
87,4,FFTY,Innovator IBD 50 ETF,,,,
88,4,FGD,First Trust Dow Jones Global Select Dividend Index Fund,,,,
1601,4,FHLC,Fidelity MSCI Health Care Index ETF,,,,
89,4,FIDI,Fidelity International High Dividend ETF,,,,
90,4,FIDU,Fidelity MSCI Industrials Index ETF,,,,
91,4,FIEE,FI Enhanced Europe 50 ETN,,,,
92,4,FIGB,Fidelity Investment Grade Bond ETF,,,,
1602,4,FIHD,UBS AG FI Enhanced Global High Yield ETN,,,,
93,4,FILL,iShares MSCI Global Energy Producers ETF,,,,
94,4,FISK,"Empire State Realty OP, L.P. Series 250",Real Estate,REIT—Diversified,United States,http://www.empirestaterealtytrust.com
95,4,FISR,SPDR SSGA Fixed Income Sector Rotation ETF,,,,
96,4,FITE,SPDR S&P Kensho Future Security ETF,,,,
97,4,FIVA,Fidelity International Value Factor ETF,,,,
98,4,FIVG,Defiance Next Gen Connectivity ETF,,,,
99,4,FIW,First Trust Water ETF,,,,
1603,4,FLAU,Franklin FTSE Australia ETF,,,,
1604,4,FLAX,Franklin FTSE Asia ex Japan ETF,,,,
914,4,FLBR,Franklin FTSE Brazil ETF,,,,
1202,4,FLCA,Franklin FTSE Canada ETF,,,,
1605,4,FLCB,Franklin Liberty U.S. Core Bond ETF,,,,
1606,4,FLCH,Franklin FTSE China ETF,,,,
1607,4,FLCO,Franklin Liberty Investment Grade Corporate ETF,,,,
1608,4,FLEE,Franklin FTSE Europe ETF,,,,
1609,4,FLEH,Franklin FTSE Europe Hedged ETF,,,,
1610,4,FLFR,Franklin FTSE France ETF,,,,
1611,4,FLGB,Franklin FTSE United Kingdom ETF,,,,
100,4,FLGE,Credit Suisse FI Large Cap Growth Enhanced Exchange Traded Notes,,,,
101,4,FLGR,Franklin FTSE Germany ETF,,,,
102,4,FLGV,Franklin Liberty U.S. Treasury Bond ETF,,,,
103,4,FLHK,Franklin FTSE Hong Kong ETF,,,,
104,4,FLIN,Franklin FTSE India ETF,,,,
105,4,FLIY,Franklin FTSE Italy ETF,,,,
106,4,FLJH,Franklin FTSE Japan Hedged ETF,,,,
107,4,FLJP,Franklin FTSE Japan ETF,,,,
108,4,FLKR,Franklin FTSE South Korea ETF,,,,
109,4,FLLA,Franklin FTSE Latin America,,,,
110,4,FLLV,Franklin Liberty U.S. Low Volatility ETF,,,,
111,4,FLM,First Trust Global Engineering and Construction ETF,,,,
112,4,FLMB,Franklin Liberty Federal Tax-Free Bond ETF,,,,
113,4,FLMI,Franklin Liberty Federal Intermediate Tax-Free Bond Opportunities ETF,,,,
1612,4,FLMX,Franklin FTSE Mexico ETF,,,,
1613,4,FLQD,Franklin LibertyQ Global Dividend ETF,,,,
1614,4,FLQE,Franklin LibertyQ Emerging Markets ETF,,,,
1615,4,FLQG,Franklin LibertyQ Global Equity ETF,,,,
1616,4,FLQH,Franklin LibertyQ International Equity Hedged ETF,,,,
1617,4,FLRG,Fidelity U.S. Multifactor ETF,,,,
1618,4,FLRN,SPDR Bloomberg Investment Grade Floating Rate ETF,,,,
1619,4,FLRT,Pacer Pacific Asset Floating Rate High Income ETF,,,,
22,4,FLRU,Franklin FTSE Russia ETF,,,,
867,4,FLSA,Franklin FTSE Saudi Arabia ETF,,,,
114,4,FLSP,Franklin Liberty Systematic Style Premia ETF,,,,
115,4,FLSW,Franklin FTSE Switzerland ETF,,,,
116,4,FLTB,Fidelity Limited Term Bond ETF,,,,
117,4,FLTR,VanEck Investment Grade Floating Rate ETF,,,,
118,4,FLTW,Franklin FTSE Taiwan ETF,,,,
119,4,FLUD,Franklin Liberty Ultra Short Bond ETF,,,,
120,4,FLYT,Direxion Flight to Safety Strategy ETF,,,,
121,4,FLZA,Franklin FTSE South Africa,,,,
123,4,FM,iShares MSCI Frontier and Select EM ETF,,,,
1620,4,FMAT,Fidelity MSCI Materials Index ETF,,,,
128,4,FMF,First Trust Managed Futures Strategy Fund,,,,
130,4,FMNY,First Trust New York Municipal High Income ETF,,,,
136,4,FMQQ,FMQQ The Next Frontier Internet & Ecommerce ETF,,,,
137,4,FNCL,Fidelity MSCI Financials Index ETF,,,,
138,4,FNDA,Schwab Fundamental U.S. Small Company Index ETF,,,,
139,4,FNDB,Schwab Fundamental U.S. Broad Market Index ETF,,,,
140,4,FNDC,Schwab Fundamental International Small Company Index ETF,,,,
141,4,FNDE,Schwab Fundamental Emerging Markets Large Company Index ETF,,,,
142,4,FNDF,Schwab Fundamental International Large Company Index ETF,,,,
143,4,FNDX,Schwab Fundamental U.S. Large Company Index ETF,,,,
144,4,FNGD,"MicroSectors FANG+ Index -3X Inverse Leveraged ETNs due January 8, 2038",,,,
145,4,FNGG,Direxion Daily Select Large Caps & FANGs Bull 2X Shares,,,,
146,4,FNGO,"MicroSectors FANG+ Index 2X Leveraged ETNs due January 8, 2038",,,,
147,4,FNGS,"MicroSectors FANG+ ETNs due January 8, 2038",,,,
148,4,FNGU,"MicroSectors FANG+ Index 3X Leveraged ETNs due January 8, 2038",,,,
1332,4,FNGZ,"MicroSectors FANG+ Index -2X Inverse Leveraged ETNs due January 8, 2038",,,,
149,4,FNI,First Trust Chindia ETF,,,,
38,4,FORH,Formidable ETF,,,,
1333,4,FOVL,iShares Focused Value Factor ETF,,,,
154,4,FPE,First Trust Preferred Securities and Income ETF,,,,
155,4,FPEI,First Trust Institutional Preferred Securities and Income ETF,,,,
1334,4,FPX,First Trust US Equity Opportunities ETF,,,,
1335,4,FQAL,Fidelity Quality Factor ETF,,,,
1210,4,FREL,Fidelity MSCI Real Estate Index ETF,,,,
162,4,FRI,First Trust S&P REIT Index Fund,,,,
163,4,FRLG,Large Cap Growth Index-Linked Exchange Traded Notes due 2028,,,,
168,4,FRTY,Alger Mid Cap 40 ETF,,,,
171,4,FSEC,Fidelity Investment Grade Securitized ETF,,,,
923,4,FSIG,First Trust Limited Duration Investment Grade Corporate ETF,,,,
25,4,FSMB,First Trust Short Duration Managed Municipal ETF,,,,
26,4,FSMD,Fidelity Small-Mid Multifactor ETF,,,,
1336,4,FSST,Fidelity Sustainability U.S. Equity ETF,,,,
175,4,FSTA,Fidelity MSCI Consumer Staples Index ETF,,,,
176,4,FTEC,Fidelity MSCI Information Technology Index ETF,,,,
178,4,FTLS,First Trust Long/Short Equity ETF,,,,
180,4,FTSD,Franklin Liberty Short Duration U.S. Government ETF,,,,
181,4,FUE,ELEMENTS Linked to the ICE BofAML Commodity Index eXtra Biofuels Total Return,,,,
187,4,FUMB,First Trust Ultra Short Duration Municipal ETF,,,,
1216,4,FUTY,Fidelity MSCI Utilities Index ETF,,,,
190,4,FVAL,Fidelity Value Factor ETF,,,,
191,4,FVD,First Trust Value Line Dividend Fund,,,,
193,4,FXA,Invesco CurrencyShares Australian Dollar Trust,,,,
194,4,FXB,Invesco CurrencyShares British Pound Sterling Trust,,,,
195,4,FXC,Invesco CurrencyShares Canadian Dollar Trust,,,,
196,4,FXD,First Trust Consumer Discretionary AlphaDEX Fund,,,,
197,4,FXE,Invesco CurrencyShares Euro Currency Trust,,,,
198,4,FXF,Invesco CurrencyShares Swiss Franc Trust,,,,
199,4,FXG,First Trust Consumer Staples AlphaDEX Fund,,,,
200,4,FXH,First Trust Health Care AlphaDEX Fund,,,,
201,4,FXI,iShares China Large-Cap ETF,,,,
202,4,FXL,First Trust Technology AlphaDEX Fund,,,,
203,4,FXN,First Trust Energy AlphaDEX Fund,,,,
204,4,FXO,First Trust Financials AlphaDEX Fund,,,,
205,4,FXP,ProShares UltraShort FTSE China 50 of ProShares Trust,,,,
206,4,FXR,First Trust Industrials/Producer Durables AlphaDEX Fund,,,,
207,4,FXU,First Trust Utilities AlphaDEX Fund,,,,
208,4,FXY,Invesco CurrencyShares Japanese Yen Trust,,,,
1337,4,FXZ,First Trust Materials AlphaDEX Fund,,,,
1338,4,GAL,SPDR SSgA Global Allocation ETF of SSgA Active Trust,,,,
153,4,GAMR,Wedbush ETFMG Video Game Tech ETF,,,,
1339,4,GAZ,iPath Series B Bloomberg Natural Gas Total Return Sub-Index ETN,,,,
1340,4,GBDV,Global Beta Smart Income ETF,,,,
157,4,GBF,iShares Government/Credit Bond ETF,,,,
158,4,GBGR,Global Beta Rising Stars ETF,,,,
159,4,GBIL,Goldman Sachs Access Treasury 0-1 Year ETF,,,,
161,4,GBLD,Invesco MSCI Green Building ETF,,,,
868,4,GBLO,Global Beta Low Beta ETF,,,,
166,4,GBUG,Pacer iPath Gold ETNs,,,,
1341,4,GBUY,Goldman Sachs Future Consumer Equity ETF,,,,
1342,4,GCC,WisdomTree Enhanced Commodity Strategy Fund,,,,
172,4,GCOR,Goldman Sachs Access U.S. Aggregate Bond ETF,,,,
177,4,GDMA,Gadsden Dynamic Multi-Asset ETF,,,,
869,4,GDOC,Goldman Sachs Future Health Care Equity ETF,,,,
182,4,GDX,VanEck Gold Miners ETF,,,,
183,4,GDXD,MicroSectors Gold Miners -3x Inverse Leveraged ETN,,,,
184,4,GDXJ,VanEck Junior Gold Miners ETF,,,,
186,4,GDXU,MicroSectors Gold Miners 3x Leveraged ETN,,,,
209,4,GEM,Goldman Sachs ActiveBeta Emerging Markets Equity ETF,,,,
156,4,GERM,ETFMG Treatments Testing and Advancements ETF,,,,
1343,4,GGRW,Gabelli Growth Innovators ETF,,,,
1344,4,GHYB,Goldman Sachs Access High Yield Corporate Bond ETF,,,,
1345,4,GIGB,Goldman Sachs Access Investment Grade Corporate Bond ETF,,,,
1346,4,GII,SPDR S&P Global Infrastructure ETF,,,,
1347,4,GINN,Goldman Sachs Innovate Equity ETF,,,,
1348,4,GK,AdvisorShares Gerber Kawasaki ETF,,,,
1349,4,GLCN,VanEck China Growth Leaders ETF,,,,
1350,4,GLD,"SPDR Gold Trust, SPDR Gold Shares",,,,
1351,4,GLDM,SPDR Gold MiniShares,,,,
1352,4,GLDX,USCF GOLD STRATEGY PLUS INCOME FUND,,,,
1353,4,GLIF,AGFiQ Global Infrastructure ETF,,,,
1354,4,GLIN,VanEck India Growth Leaders ETF,,,,
1219,4,GLL,ProShares UltraShort Gold,,,,
170,4,GLRY,Inspire Faithward Mid Cap Momentum ESG ETF,,,,
174,4,GLTR,Aberdeen Standard Physical Precious Metals Basket Shares ETF,,,,
189,4,GMET,VanEck Green Metals ETF,,,,
192,4,GMF,SPDR S&P Emerging Asia Pacific ETF,,,,
164,4,GNAF,"MicroSectors FANG+ Index Inverse ETNs due January 8, 2038",,,,
1222,4,GNR,SPDR S&P Global Natural Resources ETF,,,,
160,4,GOAU,US Global GO Gold and Precious Metal Miners ETF,,,,
167,4,GOEX,Global X Gold Explorers ETF (NEW),,,,
1355,4,GQRE,FlexShares Global Quality Real Estate Index Fund,,,,
1356,4,GREI,Goldman Sachs Future Real Estate and Infrastructure Equity ETF,,,,
1357,4,GREK,Global X MSCI Greece ETF,,,,
1358,4,GRES,IQ ARB Global Resources,,,,
169,4,GRN,iPath Series B Carbon Exchange-Traded Notes,,,,
1225,4,GRNB,VanEck Green Bond ETF,,,,
1359,4,GRU,ELEMENTS Linked to the ICE BofAML Commodity Index eXtra Grains Total Return,,,,
179,4,GSEU,Goldman Sachs ActiveBeta Europe Equity ETF,,,,
185,4,GSFP,Goldman Sachs Future Planet Equity ETF,,,,
188,4,GSG,iShares S&P  GSCI Commodity-Indexed Trust,,,,
165,4,GSIE,Goldman Sachs ActiveBeta International Equity ETF,,,,
1360,4,GSIG,Goldman Sachs Access Investment Grade Corporate 1-5 Year Bond ETF,,,,
1361,4,GSJY,Goldman Sachs ActiveBeta Japan Equity ETF,,,,
1362,4,GSLC,Goldman Sachs ActiveBeta U.S. Large Cap Equity ETF,,,,
1363,4,GSP,Barclays Bank PLC iPath Exchange Traded Notes due 2036 Linked to GSCI Total Return Index,,,,
1364,4,GSPY,Gotham Enhanced 500 ETF,,,,
1365,4,GSSC,GS ActiveBeta U.S. Small Cap Equity ETF,,,,
1366,4,GSY,Invesco Ultra Short Duration ETF,,,,
1367,4,GTEK,Goldman Sachs Future Tech Leaders Equity ETF,,,,
173,4,GTO,Invesco Total Return Bond ETF,,,,
1368,4,GUNR,FlexShares Global Upstream Natural Resources Index Fund,,,,
1369,4,GURU,Global X Guru Index ETF,,,,
1370,4,GUSH,Direxion Daily S&P Oil & Gas Exp. & Prod. Bull 2X Shares,,,,
1371,4,GVIP,Goldman Sachs Hedge Industry VIP ETF,,,,
1372,4,GWX,SPDR S&P International Small Cap ETF,,,,
1373,4,GXC,SPDR S&P China ETF,,,,
1374,4,GXG,Global X MSCI Colombia ETF,,,,
1032,4,GYLD,Arrow Dow Jones Global Yield ETF,,,,
1375,4,HACK,ETFMG Prime Cyber Security ETF,,,,
1376,4,HAIL,SPDR S&P Kensho Smart Mobility ETF,,,,
1377,4,HAP,VanEck Natural Resources ETF,,,,
1378,4,HART,IQ Healthy Hearts ETF,,,,
1379,4,HAUZ,Xtrackers International Real Estate ETF,,,,
1028,4,HAWX,iShares Currency Hedged MSCI ACWI ex U.S. ETF,,,,
1036,4,HCOM,Hartford Schroders Commodity Strategy ETF,,,,
1380,4,HDAW,Xtrackers MSCI All World ex US High Dividend Yield Equity ETF,,,,
1037,4,HDEF,Xtrackers MSCI EAFE High Dividend Yield Equity ETF,,,,
1038,4,HDG,ProShares Hedge Replication ETF,,,,
1039,4,HDGE,AdvisorShares Ranger Equity Bear ETF,,,,
1040,4,HDIV,Qraft AI-Enhanced US High Dividend ETF,,,,
1041,4,HDLB,"ETRACS Monthly Pay 2xLeveraged US High Dividend Low Volatility ETN Series B due October 21, 2049",,,,
1042,4,HDMV,First Trust Horizon Managed Volatility Developed International ETF,,,,
1043,4,HDRO,Defiance Next Gen H2 ETF,,,,
1045,4,HDV,iShares Core High Dividend ETF,,,,
1381,4,HEDJ,WisdomTree Europe Hedged Equity Fund,,,,
1382,4,HEQT,Simplify Hedged Equity ETF,,,,
1050,4,HEWC,iShares Currency Hedged MSCI Canada ETF,,,,
1383,4,HEWJ,iShares Currency Hedged MSCI Japan ETF,,,,
1384,4,HEWU,iShares Currency Hedged MSCI United Kingdom ETF,,,,
1058,4,HEZU,iShares Currency Hedged MSCI Eurozone ETF of ISHARES TRUST,,,,
1385,4,HFXI,IQ 50 Percent Hedged FTSE International ETF,,,,
1386,4,HHH,ETFMG Real Estate Tech ETF,,,,
1387,4,HIBL,Direxion Daily S&P 500 High Beta Bull 3X Shares,,,,
1388,4,HIBS,Direxion Daily S&P 500 High Beta Bear 3X Shares,,,,
1389,4,HIPS,GraniteShares HIPS US High Income ETF,,,,
1059,4,HJEN,Direxion Hydrogen ETF,,,,
1060,4,HJPX,iShares Currency Hedged JPX-Nikkei 400 ETF,,,,
1061,4,HKND,Humankind US Stock ETF,,,,
1390,4,HLGE,Hartford Longevity Economy ETF,,,,
1391,4,HMOP,Hartford Municipal Opportunities ETF,,,,
1392,4,HOLD,AdvisorShares North Square McKee Core Reserves ETF,,,,
1261,4,HOM,LifeGoal Home Down Payment Investment ETF,,,,
1235,4,HOMZ,Hoya Capital Housing ETF,,,,
1249,4,HSCZ,iShares Currency Hedged MSCI EAFE Small-Cap ETF,,,,
1255,4,HSMV,First Trust Horizon Managed Volatility Small/Mid ETF,,,,
1262,4,HTAB,Hartford Schroders Tax-Aware Bond ETF,,,,
1263,4,HTEC,ROBO Global Healthcare Technology and Innovation ETF,,,,
1266,4,HTRB,Hartford Total Return Bond ETF,,,,
1270,4,HTUS,Hull Tactical US ETF,,,,
1276,4,HUSV,First Trust Horizon Managed Volatility Domestic ETF,,,,
1277,4,HVAL,ALPS Hillman Active Value ETF,,,,
1282,4,HYBB,iShares BB Rated Corporate Bond ETF,,,,
1284,4,HYDW,Xtrackers Low Beta High Yield Bond ETF,,,,
1286,4,HYEM,VanEck Emerging Markets High Yield Bond ETF,,,,
1287,4,HYG,iShares iBoxx $ High Yield Corporate Bond ETF,,,,
1288,4,HYGH,iShares Interest Rate Hedged High Yield Bond ETF,,,,
1289,4,HYGV,FlexShares High Yield Value-Scored Bond Index Fund,,,,
1290,4,HYLB,Xtrackers USD High Yield Corporate Bond ETF,,,,
1291,4,HYLD,High Yield ETF,,,,
1292,4,HYLV,IQ S&P High Yield Low Volatility Bond ETF,,,,
1293,4,HYMB,SPDR Nuveen Bloomberg High Yield Municipal Bond ETF,,,,
1296,4,HYS,PIMCO 0-5 Year High Yield Corporate Bond Index Exchange-Traded Fund,,,,
1298,4,HYTR,CP High Yield Trend ETF,,,,
1299,4,HYUP,Xtrackers High Beta High Yield Bond ETF,,,,
1303,4,IAI,iShares U.S. Broker-Dealers & Securities Exchanges ETF,,,,
1305,4,IAK,iShares U.S. Insurance ETF,,,,
827,4,IAPR,Innovator International Developed Power Buffer ETF - April,,,,
1306,4,IAT,iShares U.S. Regional Banks ETF,,,,
1307,4,IAU,iShares Gold Trust,,,,
1308,4,IAUM,iShares Gold Trust Micro,,,,
1309,4,IBCE,iShares iBonds Mar 2023 Term Corporate ex-Financials ETF,,,,
1310,4,IBD,Inspire Corporate Bond Impact ETF,,,,
1311,4,IBDD,iShares iBonds Mar 2023 Term Corporate ETF,,,,
1312,4,IBDM,iShares iBonds Dec 2021 Term Corporate ETF,,,,
1313,4,IBDN,iShares iBonds Dec 2022 Term Corporate ETF,,,,
1314,4,IBDO,iShares iBonds Dec 2023 Term Corporate ETF,,,,
1315,4,IBDP,iShares iBonds Dec 2024 Term Corporate ETF,,,,
1062,4,IBDQ,iShares iBonds Dec 2025 Term Corporate ETF,,,,
1063,4,IBDR,iShares iBonds Dec 2026 Term Corporate ETF,,,,
1316,4,IBDS,iShares iBonds Dec 2027 Term Corporate ETF,,,,
1318,4,IBDT,iShares iBonds Dec 2028 Term Corporate ETF,,,,
1319,4,IBDU,iShares iBonds Dec 2029 Term Corporate ETF,,,,
1320,4,IBDV,iShares iBonds Dec 2030 Term Corporate ETF,,,,
1321,4,IBDW,iShares iBonds Dec 2031 Term Corporate ETF,,,,
1325,4,IBMJ,iShares iBonds Dec 2021 Term Muni Bond ETF,,,,
1326,4,IBMK,iShares iBonds Dec 2022 Term Muni Bond ETF,,,,
1327,4,IBND,SPDR Bloomberg International Corporate Bond ETF,,,,
1329,4,IBUY,Amplify Online Retail ETF,,,,
1239,4,ICOL,iShares MSCI Colombia ETF,,,,
1240,4,IDAT,iShares Cloud 5G and Tech ETF,,,,
1241,4,IDEV,iShares Core MSCI International Developed Markets ETF,,,,
1242,4,IDHQ,Invesco S&P International Developed Quality ETF,,,,
1243,4,IDIV,U.S. Equity Cumulative Dividends Fund - Series 2027,,,,
1248,4,IDLV,Invesco S&P International Developed Low Volatility ETF,,,,
1250,4,IDMO,Invesco S&P International Developed Momentum ETF,,,,
1251,4,IDNA,iShares Genomics Immunology and Healthcare ETF,,,,
1253,4,IDOG,ALPS International Sector Dividend Dogs ETF,,,,
1256,4,IDRV,iShares Self-Driving EV and Tech ETF,,,,
1258,4,IDU,iShares U.S. Utilities ETF,,,,
1259,4,IDX,VanEck Indonesia Index ETF,,,,
1268,4,IEMG,iShares Core MSCI Emerging Markets ETF,,,,
1273,4,IEUR,iShares Core MSCI Europe ETF,,,,
1064,4,IEV,iShares Europe ETF,,,,
1274,4,IEZ,iShares U.S. Oil Equipment & Services ETF,,,,
1275,4,IFED,ETRACS IFED Invest with the Fed TR Index ETN,,,,
1280,4,IG,Principal Investment Grade Corporate Active ETF,,,,
1281,4,IGBH,iShares Interest Rate Hedged Long-Term Corporate Bond ETF,,,,
1294,4,IGLB,iShares 10+ Year Investment Grade Corporate Bond ETF,,,,
1295,4,IGM,iShares Expanded Tech Sector ETF,,,,
1297,4,IGN,iShares North American Tech-Multimedia Networking ETF,,,,
1304,4,IHAK,iShares Cybersecurity and Tech ETF,,,,
1317,4,IHDG,WisdomTree International Hedged Quality Dividend Growth Fund,,,,
1322,4,IHE,iShares U.S. Pharmaceuticals ETF,,,,
1323,4,IHF,iShares U.S. Healthcare Providers ETF,,,,
1328,4,IHI,iShares U.S. Medical Devices ETF,,,,
1236,4,IHY,VanEck International High Yield Bond ETF,,,,
1237,4,IIGD,Invesco Investment Grade Defensive ETF,,,,
1238,4,IIGV,Invesco Investment Grade Value ETF,,,,
1245,4,IJAN,Innovator International Developed Power Buffer ETF - January,,,,
1246,4,IJH,iShares Core S&P Mid-Cap ETF,,,,
1247,4,IJJ,iShares S&P Mid-Cap 400 Value ETF,,,,
1252,4,IJK,iShares S&P Mid-Cap 400 Growth ETF,,,,
1254,4,IJR,iShares Core S&P Small-Cap ETF,,,,
1257,4,IJS,iShares S&P Small-Cap 600 Value ETF,,,,
1065,4,IJUL,Innovator International Developed Power Buffer ETF - July,,,,
1265,4,ILCB,iShares Morningstar U.S. Equity ETF,,,,
1267,4,ILCG,iShares Morningstar Growth ETF,,,,
1269,4,ILCV,iShares Morningstar Value ETF,,,,
1271,4,ILDR,First Trust Innovation Leaders ETF,,,,
1272,4,ILF,iShares Latin America 40 ETF,,,,
1278,4,ILTB,iShares Core 10+ Year USD Bond ETFof iShares Trust,,,,
1283,4,IMCB,iShares Morningstar Mid-Cap ETF,,,,
1285,4,IMCG,iShares Morningstar Mid-Cap Growth ETF,,,,
1244,4,IMTB,iShares Core 5-10 Year USD Bond ETF,,,,
1260,4,IMTM,iShares MSCI Intl Momentum Factor ETF,,,,
1300,4,INCO,Columbia India Consumer ETF,,,,
1301,4,INDF,Nifty India Financials ETF,,,,
1324,4,INDL,Direxion Daily MSCI India Bull 2X Shares,,,,
1330,4,INDS,Pacer Benchmark Industrial Real Estate SCTR ETF,,,,
1331,4,INFL,Horizon Kinetics Inflation Beneficiaries ETF,,,,
1279,4,INKM,SPDR SSgA Income Allocation ETF of SSgA Active Trust,,,,
1302,4,INMU,BlackRock Intermediate Muni Income Bond ETF,,,,
1264,4,INTF,iShares MSCI Intl Multifactor ETF,,,,
1663,4,IOCT,Innovator International Developed Power Buffer ETF-October,,,,
1665,4,IOO,iShares Global 100 ETF,,,,
1669,4,IPAC,iShares Core MSCI Pacific ETF,,,,
1671,4,IPAY,ETFMG Prime Mobile Payments ETF,,,,
1676,4,IPO,Renaissance IPO ETF,,,,
1678,4,IPOS,Renaissance International IPO ETF,,,,
1690,4,IQDE,FlexShares International Quality Dividend Defensive Index Fund,,,,
1691,4,IQDF,FlexShares International Quality Dividend Index Fund,,,,
1692,4,IQDY,FlexShares International Quality Dividend Dynamic Index Fund,,,,
1694,4,IQIN,IQ 500 International ETF,,,,
1695,4,IQLT,iShares MSCI Intl Quality Factor ETF,,,,
1697,4,IQSI,IQ Candriam ESG International Equity ETF,,,,
1698,4,IQSU,IQ Candriam ESG US Equity ETF,,,,
1701,4,IRBO,iShares Robotics and Artificial Intelligence Multisector ETF,,,,
1725,4,ISCB,iShares Morningstar Small-Cap ETF,,,,
1726,4,ISCF,iShares MSCI Intl Small-Cap Multifactor ETF,,,,
1727,4,ISCG,iShares Morningstar Small-Cap Growth ETF,,,,
1729,4,ISCV,iShares Morningstar Small-Cap Value ETF,,,,
1747,4,ISMD,Inspire Small/Mid Cap Impact ETF,,,,
1751,4,ISRA,VanEck Israel ETF,,,,
1760,4,ISWN,Amplify BlackSwan ISWN ETF,,,,
1764,4,ISZE,iShares MSCI Intl Size Factor ETF,,,,
1766,4,ITAN,Sparkline Intangible Value ETF,,,,
1769,4,ITEQ,BlueStar Israel Technology ETF,,,,
1067,4,ITOT,iShares Core S&P Total U.S. Stock Market ETF,,,,
1673,4,IVE,iShares S&P 500 Value ETF,,,,
1674,4,IVES,Wedbush ETFMG Global Cloud Technology ETF,,,,
1677,4,IVLU,iShares MSCI Intl Value Factor ETF,,,,
1680,4,IVOG,Vanguard S&P Mid-Cap 400 Growth ETF,,,,
1681,4,IVOL,Quadratic Interest Rate Volatility and Inflation Hedge ETF,,,,
1682,4,IVOO,Vanguard S&P Mid-Cap 400 ETF,,,,
1683,4,IVOV,Vanguard S&P Mid-Cap 400 Value ETF,,,,
1693,4,IVV,iShares Core S&P 500 ETF,,,,
1700,4,IVW,iShares S&P 500 Growth ETF,,,,
1702,4,IWB,iShares Russell 1000 ETF,,,,
1703,4,IWC,iShares Micro-Cap ETF,,,,
1704,4,IWD,iShares Russell 1000 Value ETF,,,,
1705,4,IWDL,ETRACS 2x Leveraged US Value Factor TR ETN,,,,
1706,4,IWF,iShares Russell 1000 Growth ETF,,,,
1707,4,IWFH,iShares Virtual Work and Life Multisector ETF,,,,
1708,4,IWFL,ETRACS 2x Leveraged US Growth Factor TR ETN,,,,
1709,4,IWL,iShares Russell Top 200 ETF,,,,
1178,4,IWM,iShares Russell 2000 ETF,,,,
1710,4,IWML,ETRACS 2x Leveraged US Size Factor TR ETN,,,,
1711,4,IWN,iShares Russell 2000 Value ETF,,,,
1712,4,IWO,iShares Russell 2000 Growth ETF,,,,
1713,4,IWP,iShares Russell Mid-Cap Growth ETF,,,,
1714,4,IWR,iShares Russell Mid-Cap ETF,,,,
1716,4,IWS,iShares Russell Mid-Cap Value ETF,,,,
1717,4,IWV,iShares Russell 3000 ETF,,,,
1719,4,IWX,iShares Russell Top 200 Value ETF,,,,
1720,4,IWY,iShares Russell Top 200 Growth ETF,,,,
1721,4,IXC,iShares Global Energy ETF,,,,
1186,4,IXG,iShares Global Financials ETF,,,,
1723,4,IXJ,iShares Global Healthcare ETF,,,,
1724,4,IXN,iShares Global Tech ETF,,,,
1728,4,IXP,iShares Global Comm Services ETF,,,,
1730,4,IXSE,WisdomTree India Ex-State-Owned Enterprises Fund,,,,
1731,4,IYC,iShares U.S. Consumer Discretionary ETF,,,,
1732,4,IYE,iShares U.S. Energy ETF,,,,
1733,4,IYF,iShares U.S. Financials ETF,,,,
1734,4,IYG,iShares U.S. Financial Services ETF,,,,
1735,4,IYH,iShares U.S. Healthcare ETF,,,,
1736,4,IYK,iShares U.S. Consumer Staples ETF,,,,
1737,4,IYM,iShares U.S. Basic Materials ETF,,,,
1738,4,IYR,iShares U.S. Real Estate ETF,,,,
1739,4,IYW,iShares U.S. Technology ETF,,,,
1740,4,IYY,iShares Dow Jones U.S. ETF,,,,
1743,4,JAAA,Janus Henderson AAA CLO ETF,,,,
1745,4,JAGG,JPMorgan U.S. Aggregate Bond ETF,,,,
1750,4,JAVA,JPMorgan Active Value ETF,,,,
1754,4,JCTR,JPMorgan Carbon Transition U.S. Equity ETF,,,,
1069,4,JDIV,JPMorgan U.S. Dividend ETF,,,,
1070,4,JDST,Direxion Daily Junior Gold Miners Index Bear 2X Shares,,,,
1072,4,JEPI,JPMorgan Equity Premium Income ETF,,,,
1190,4,JETS,U.S. Global Jets ETF,,,,
1076,4,JFWD,Jacob Forward ETF,,,,
1077,4,JGLD,Amplify Pure Junior Gold Miners ETF,,,,
1758,4,JHCB,John Hancock Corporate Bond ETF,,,,
1078,4,JHCS,John Hancock Multifactor Media and Communications ETF,,,,
1759,4,JHEM,John Hancock Multifactor Emerging Markets ETF,,,,
1079,4,JHMA,John Hancock Multifactor Materials ETF,,,,
1080,4,JHMB,John Hancock Mortgage-Backed Securities ETF,,,,
1081,4,JHMC,John Hancock Multifactor Consumer Discretionary ETF,,,,
1082,4,JHMD,John Hancock Multifactor Developed International ETF,,,,
1083,4,JHME,John Hancock Multifactor Energy ETF,,,,
1084,4,JHMF,John Hancock Multifactor Financials ETF,,,,
1085,4,JHMH,John Hancock Multifactor Healthcare ETF,,,,
1086,4,JHMI,John Hancock Multifactor Industrials ETF,,,,
1087,4,JHML,John Hancock Multifactor Large Cap ETF,,,,
1088,4,JHMM,John Hancock Multifactor Mid Cap ETF,,,,
1089,4,JHMS,John Hancock Multifactor Consumer Staples ETF,,,,
1090,4,JHMT,John Hancock Multifactor Technology ETF,,,,
1091,4,JHMU,John Hancock Multifactor Utilities ETF,,,,
1092,4,JHSC,John Hancock Multifactor Small Cap ETF,,,,
1093,4,JIB,Janus Henderson Sustainable & Impact Core Bond ETF,,,,
1094,4,JIDA,JPMorgan ActiveBuilders International Equity ETF,,,,
1095,4,JIG,JPMorgan International Growth ETF,,,,
1096,4,JIGB,JPMorgan Corporate Bond Research Enhanced ETF,,,,
1098,4,JJA,iPath Series B Bloomberg Agriculture Subindex Total ReturnSM ETN,,,,
1761,4,JJC,iPath Series B Bloomberg Copper Subindex Total ReturnSM ETN,,,,
1762,4,JJE,iPath Series B Bloomberg Energy Subindex Total ReturnSM ETN,,,,
1763,4,JJG,iPath Series B Bloomberg Grains Subindex Total ReturnSM ETN,,,,
1765,4,JJM,iPath Series B Bloomberg Industrial Metals Subindex Total ReturnSM ETN,,,,
1767,4,JJN,iPath Series B Bloomberg Nickel Subindex Total ReturnSM ETN,,,,
1770,4,JJP,iPath Series B Bloomberg Precious Metals Subindex Total ReturnSM ETN,,,,
1099,4,JJS,iPath Series B Bloomberg Softs Subindex Total ReturnSM ETN,,,,
1195,4,JJT,iPath Series B Bloomberg Tin Subindex Total ReturnSM ETN,,,,
1100,4,JJU,iPath Series B Bloomberg Aluminum Subindex Total ReturnSM ETN,,,,
1102,4,JMBS,Janus Henderson Mortgage-Backed Securities ETF,,,,
1103,4,JMIN,JPMorgan U.S. Minimum Volatility ETF,,,,
1105,4,JMOM,JPMorgan U.S. Momentum Factor ETF,,,,
1774,4,JNK,SPDR Bloomberg High Yield Bond ETF,,,,
1775,4,JNUG,Direxion Daily Junior Gold Miners Index Bull 2X Shares,,,,
1776,4,JO,iPath Series B Bloomberg Coffee Subindex Total ReturnSM ETN,,,,
1777,4,JOJO,ATAC Credit Rotation ETF,,,,
1778,4,JOYY,Infusive Compounding Global Equities ETF,,,,
1781,4,JPEM,JPMorgan Diversified Return Emerging Markets Equity ETF,,,,
1200,4,JPIE,JPMorgan Income ETF,,,,
1782,4,JPIN,JPMorgan Diversified Return International Equity ETF,,,,
1667,4,JPMB,JPMorgan USD Emerging Markets Sovereign Bond ETF,,,,
1668,4,JPME,JPMorgan Diversified Return US Mid Cap Equity ETF,,,,
1670,4,JPN,Xtrackers Japan JPX-Nikkei 400 Equity ETF,,,,
1675,4,JPSE,JPMorgan Diversified Return US Small Cap Equity ETF,,,,
1685,4,JPUS,JPMorgan Diversified Return US Equity ETF,,,,
1686,4,JPXN,iShares JPX-Nikkei 400 ETF,,,,
1687,4,JQUA,JPMorgan U.S. Quality Factor ETF,,,,
1688,4,JRE,Janus Henderson U.S. Real Estate ETF,,,,
1699,4,JRNY,ALPS Global Travel Beneficiaries ETF,,,,
1718,4,JSCP,JPMorgan Short Duration Core Plus ETF,,,,
1744,4,JSTC,Adasina Social Justice All Cap Global ETF,,,,
1752,4,JUSA,JPMorgan ActiveBuilders U.S. Large Cap Equity ETF,,,,
1753,4,JUST,Goldman Sachs JUST U.S. Large Cap Equity ETF,,,,
1755,4,JVAL,JPMorgan U.S. Value Factor ETF,,,,
1773,4,JXI,iShares Global Utilities ETF,,,,
927,4,JZRO,Janus Henderson Net Zero Transition Resources ETF,,,,
1672,4,KALL,KraneShares MSCI All China Index ETF,,,,
1696,4,KARS,KraneShares Electric Vehicles and Future Mobility Index ETF,,,,
1207,4,KBA,KraneShares Bosera MSCI China A ETF,,,,
1715,4,KBE,SPDR S&P Bank ETF,,,,
1722,4,KBND,KraneShares Bloomberg China Bond Inclusion Index ETF,,,,
1742,4,KBUY,KraneShares CICC China Consumer Leaders Index ETF,,,,
1746,4,KCCA,KraneShares California Carbon Allowance ETF,,,,
1749,4,KCE,SPDR S&P Capital Markets ETF,,,,
1768,4,KDFI,KFA Dynamic Fixed Income ETF,,,,
1664,4,KEMQ,KraneShares Emerging Markets Consumer Technology Index ETF,,,,
1666,4,KEMX,KraneShares MSCI Emerging Markets Ex China Index ETF,,,,
1679,4,KESG,KraneShares MSCI China ESG Leaders Index ETF,,,,
1684,4,KEUA,KraneShares European Carbon Allowance ETF,,,,
1741,4,KFVG,KraneShares CICC China 5G and Semiconductor Index ETF,,,,
1748,4,KFYP,KraneShares CICC China Leaders 100 Index ETF,,,,
1779,4,KGRN,KraneShares MSCI China Clean Technology Index ETF,,,,
1780,4,KGRO,KraneShares China Innovation ETF,,,,
1756,4,KHYB,KraneShares Asia Pacific High Yield Bond ETF,,,,
1771,4,KIE,SPDR S&P Insurance ETF,,,,
1772,4,KLCD,KFA Large Cap Quality Dividend Index ETF,,,,
1689,4,KLDW,Knowledge Leaders Developed World ETF,,,,
1757,4,KLNE,Direxion Daily Global Clean Energy Bull 2X Shares,,,,
597,4,KMED,KraneShares Emerging Markets Healthcare Index ETF,,,,
598,4,KMLM,KFA Mount Lucas Index Strategy ETF,,,,
605,4,KOCG,FIS Knights of Columbus Global Belief ETF,,,,
607,4,KOIN,Capital Link NextGen Protocol ETF,,,,
608,4,KOKU,Xtrackers MSCI Kokusai Equity ETF,,,,
609,4,KOLD,ProShares UltraShort Bloomberg Natural Gas,,,,
610,4,KOMP,SPDR S&P Kensho New Economies Composite ETF,,,,
611,4,KONG,Formidable Fortress ETF,,,,
612,4,KORP,American Century Diversified Corporate Bond ETF,,,,
613,4,KORU,Direxion Daily South Korea Bull 3X Shares,,,,
615,4,KRBN,KraneShares Global Carbon ETF,,,,
616,4,KRE,SPDR S&P Regional Banking ETF,,,,
619,4,KSA,iShares MSCI Saudi Arabia ETF,,,,
620,4,KSCD,KFA Small Cap Quality Dividend Index ETF,,,,
830,4,KSTR,KraneShares SSE STAR Market 50 Index ETF,,,,
622,4,KTEC,KraneShares Hang Seng TECH Index ETF,,,,
626,4,KURE,KraneShares MSCI All China Health Care Index ETF,,,,
627,4,KVLE,KFA Value Line Dynamic Core Equity Index ETF,,,,
629,4,KWEB,KraneShares CSI China Internet ETF,,,,
631,4,KXI,iShares Global Consumer Staples ETF,,,,
632,4,LABD,Direxion Daily S&P Biotech Bear 3X Shares,,,,
633,4,LABU,Direxion Daily S&P Biotech Bull 3X Shares,,,,
1785,4,LBAY,Leatherback Long/Short Alternative Yield ETF,,,,
634,4,LBJ,Direxion Daily Latin America Bull 2X Shares,,,,
637,4,LCG,Sterling Capital Focus Equity ETF,,,,
1229,4,LCR,Leuthold Core ETF,,,,
638,4,LCTD,BlackRock World ex U.S. Carbon Transition Readiness ETF,,,,
639,4,LCTU,BlackRock U.S. Carbon Transition Readiness ETF,,,,
641,4,LD,"iPath Bloomberg Lead Subindex Total Return ETN due June 24, 2038",,,,
642,4,LDUR,PIMCO Enhanced Low Duration Active Exchange-Traded Fund,,,,
600,4,LEMB,iShares J.P. Morgan EM Local Currency Bond ETF,,,,
601,4,LEXI,Alexis Practical Tactical ETF,,,,
604,4,LFEQ,VanEck Long/Flat Trend ETF,,,,
614,4,LGH,HCM Defender 500 Index ETF,,,,
1231,4,LGLV,SPDR SSGA US Large Cap Low Volatility Index ETF,,,,
617,4,LGOV,First Trust Long Duration Opportunities ETF,,,,
630,4,LIT,Global X Lithium & Battery Tech ETF,,,,
621,4,LOPP,Gabelli Love Our Planet & People ETF,,,,
623,4,LOPX,Direxion Low Priced Stock ETF,,,,
625,4,LOUP,Innovator Loup Frontier Tech ETF,,,,
628,4,LOWC,SPDR MSCI ACWI Low Carbon Target ETF,,,,
636,4,LQD,iShares iBoxx $ Investment Grade Corporate Bond ETF,,,,
1033,4,LQDB,iShares BBB Rated Corporate Bond ETF,,,,
1034,4,LQDH,iShares Interest Rate Hedged Corporate Bond ETF,,,,
643,4,LRGF,iShares MSCI USA Multifactor ETF,,,,
599,4,LRNZ,"TrueShares Technology, AI & Deep Learning ETF",,,,
602,4,LSAF,LeaderShares AlphaFactor US Core Equity ETF,,,,
603,4,LSAT,LeaderShares AlphaFactor Tactical Focused ETF,,,,
618,4,LSST,Natixis Loomis Sayles Short Duration Income ETF,,,,
635,4,LTL,ProShares Ultra Telecommunications,,,,
1035,4,LTPZ,PIMCO 15+ Year U.S. TIPS Index Exchange-Traded Fund,,,,
1044,4,LVOL,American Century Low Volatility ETF,,,,
606,4,MAKX,ProShares S&P Kensho Smart Factories ETF,,,,
640,4,MARB,First Trust Merger Arbitrage ETF,,,,
624,4,MBOX,Freedom Day Dividend ETF,,,,
811,4,MBSD,FlexShares Disciplined Duration MBS Index Fund,,,,
835,4,MCRO,IQ Hedge Macro Tracker,,,,
801,4,MDY,SPDR S&P MidCap 400 ETF Trust,,,,
802,4,MDYG,SPDR S&P 400 Mid Cap Growth ETF (Based on S&P MidCap 400 Growth Index--symbol MUV),,,,
803,4,MDYV,SPDR S&P 400 Mid Cap Value ETF (based on S&P MidCap 400 Value Index--symbol: MGD),,,,
805,4,MENV,AdvisorShares North Square McKee ESG Core Bond ETF,,,,
1071,4,META,Roundhill Ball Metaverse ETF,,,,
1073,4,MEXX,Direxion Daily MSCI Mexico Bull 3X Shares,,,,
806,4,MFDX,PIMCO RAFI Multi-Factor International Equity ETF,,,,
807,4,MFEM,PIMCO RAFI Dynamic Multi-Factor Emerging Markets Equity ETF,,,,
1075,4,MFUS,PIMCO RAFI Dynamic Multi-Factor U.S. Equity ETF,,,,
1097,4,MGC,Vanguard Mega Cap 300 Index ETF,,,,
1101,4,MGK,Vanguard Mega Cap Growth ETF,,,,
1106,4,MGMT,Ballast Small/Mid Cap ETF,,,,
1030,4,MGV,Vanguard Mega Cap  Value ETF,,,,
1052,4,MID,American Century Mid Cap Growth Impact ETF,,,,
1053,4,MIDE,Xtrackers S&P MidCap 400 ESG ETF,,,,
1054,4,MIDF,iShares MSCI USA Mid-Cap Multifactor ETF,,,,
1056,4,MIDU,Direxion Daily Mid Cap Bull 3X Shares,,,,
1066,4,MINC,AdvisorShares Newfleet Multi-Sector Income ETF,,,,
808,4,MINO,PIMCO Municipal Income Opportunities Active ETF,,,,
1068,4,MINT,PIMCO Enhanced Short Maturity Active Exchange-Traded Fund,,,,
1104,4,MJ,ETFMG Alternative Harvest ETF,,,,
1107,4,MJIN,ETFMG 2X Daily Inverse Alternative Harvest ETF,,,,
1108,4,MJJ,MicroSectors Cannabis ETNs,,,,
1027,4,MJO,MicroSectors Cannabis 2X Leveraged ETNs,,,,
1029,4,MJUS,ETFMG U.S. Alternative Harvest ETF,,,,
1031,4,MJXL,ETFMG 2X Daily Alternative Harvest ETF,,,,
1047,4,MLPA,Global X MLP ETF,,,,
1048,4,MLPB,"ETRACS Alerian MLP Infrastructure Index ETN Series B due April 2, 2040",,,,
1051,4,MLPO,Credit Suisse S&P MLP Index ETN,,,,
1055,4,MLPR,ETRACS Quarterly Pay 1.5X Leveraged Alerian MLP Index ETN,,,,
1057,4,MLPX,Global X MLP & Energy Infrastructure ETF,,,,
1109,4,MMIN,IQ MacKay Municipal Insured ETF,,,,
1046,4,MMIT,IQ MacKay Municipal Intermediate ETF,,,,
1049,4,MMLG,First Trust Multi-Manager Large Growth ETF,,,,
812,4,MMSC,First Trust Multi-Manager Small Cap Opportunities ETF,,,,
813,4,MMTM,SPDR S&P 1500 Momentum Tilt ETF,,,,
815,4,MNA,IQ ARB Merger Arbitrage ETF,,,,
824,4,MOO,VanEck Agribusiness ETF,,,,
825,4,MOON,Direxion Moonshot Innovators ETF,,,,
789,4,MORT,VanEck Mortgage REIT Income ETF,,,,
790,4,MOTO,SmartETFs Smart Transportation & Technology ETF,,,,
798,4,MRAD,SmartETFs Advertising & Marketing Technology ETF,,,,
804,4,MSOS,AdvisorShares Pure US Cannabis ETF,,,,
810,4,MTGP,WisdomTree Mortgage Plus Bond Fund,,,,
837,4,MTUL,ETRACS 2x Leveraged MSCI US Momentum Factor TR ETN,,,,
821,4,MTVR,Fount Metaverse ETF,,,,
822,4,MUB,iShares National Muni Bond ETF,,,,
823,4,MUNI,PIMCO Intermediate Municipal Bond Active Exchange-Traded Fund,,,,
791,4,MUSI,American Century Multisector Income ETF,,,,
792,4,MUST,Columbia Multi-Sector Municipal Income ETF,,,,
793,4,MVP,"Roundhill Pro Sports, Media & Apparel ETF",,,,
794,4,MVPS,Amplify Thematic All-Stars ETF,,,,
795,4,MVRL,ETRACS Monthly Pay 1.5X Leveraged Mortgage REIT ETN,,,,
796,4,MVV,ProShares Ultra MidCap400,,,,
799,4,MXDU,Nationwide Maximum Diversification U.S. Core Equity ETF,,,,
800,4,MXI,iShares Global Materials ETF,,,,
814,4,MYY,ProShares Short MidCap400,,,,
816,4,MZZ,ProShares UltraShort MidCap400,,,,
817,4,NACP,Impact Shares NAACP Minority Empowerment ETF,,,,
819,4,NAIL,Direxion Daily Homebuilders & Supplies Bull 3X Shares,,,,
820,4,NANR,SPDR S&P North American Natural Resources ETF,,,,
1113,4,NDVG,Nuveen Dividend Growth ETF,,,,
797,4,NERD,Roundhill BITKRAFT Esports & Digital Entertainment ETF,,,,
809,4,NETL,NETLease Corporate Real Estate ETF,,,,
818,4,NFLT,Virtus Newfleet Multi-Sector Bond ETF,,,,
560,4,NFRA,FlexShares STOXX Global Broad Infrastructure Index Fund,,,,
561,4,NGE,Global X MSCI Nigeria ETF,,,,
562,4,NIB,"iPath Bloomberg Cocoa Subindex Total Return ETN due June 24, 2038",,,,
563,4,NIFE,Direxion Fallen Knives ETF,,,,
564,4,NLR,VanEck Uranium + Nuclear Energy ETF,,,,
565,4,NORW,Global X MSCI Norway ETF,,,,
566,4,NRGD,MicroSectors US Big Oil -3x Inverse Leveraged ETN,,,,
567,4,NRGU,MicroSectors US Big Oil 3x Leveraged ETN,,,,
834,4,NSCS,Nuveen Small Cap Select ETF,,,,
568,4,NTSE,WisdomTree Emerging Markets Efficient Core Fund,,,,
841,4,NTSI,WisdomTree International Efficient Core Fund,,,,
569,4,NTSX,WisdomTree U.S. Efficient Core Fund,,,,
570,4,NTZO,Impact Shares MSCI Global Climate Select ETF,,,,
571,4,NUAG,Nuveen Enhanced Yield U.S. Aggregate Bond ETF,,,,
572,4,NUBD,Nuveen ESG U.S. Aggregate Bond ETF,,,,
573,4,NUGO,Nuveen Growth Opportunities ETF,,,,
574,4,NUGT,Direxion Daily Gold Miners Index Bull 2X Shares,,,,
575,4,NUHY,Nuveen ESG High Yield Corporate Bond ETF,,,,
576,4,NUSA,Nuveen Enhanced Yield 1-5 Year U.S. Aggregate Bond ETF,,,,
577,4,NUSI,Nationwide Risk-Managed Income ETF,,,,
578,4,NVQ,Qraft AI-Enhanced US Next Value ETF,,,,
579,4,NWLG,Nuveen Winslow Large-Cap Growth ESG ETF,,,,
580,4,NYF,iShares New York Muni Bond ETF,,,,
581,4,OALC,OneAscent Large Cap Core ETF,,,,
582,4,OBOR,Kraneshares MSCI One Belt One Road Index ETF,,,,
583,4,OCEN,IQ Clean Oceans ETF,,,,
584,4,OCIO,ClearShares OCIO ETF,,,,
585,4,OEF,iShares S&P 100 ETF,,,,
586,4,OGCP,"Empire State Realty OP, L.P. Series 60",Real Estate,REIT—Diversified,United States,http://www.empirestaterealtytrust.com
587,4,OIH,VanEck Oil Services ETF,,,,
588,4,OIL,iPath Pure Beta Crude Oil ETN,,,,
589,4,OILD,MicroSectors Oil & Gas Exp. & Prod. -3x Inverse Leveraged ETN,,,,
845,4,OILU,MicroSectors Oil & Gas Exp. & Prod. 3x Leveraged ETN,,,,
590,4,OND,ProShares On-Demand ETF,,,,
591,4,ONEO,SPDR Russell 1000 Momentum Focus ETF,,,,
592,4,ONEV,SPDR Russell 1000 Low Volatility ETF,,,,
593,4,ONEY,SPDR Russell 1000 Yield Focus ETF,,,,
594,4,ONLN,ProShares Online Retail ETF,,,,
595,4,ONOF,Global X Adaptive U.S. Risk Management ETF,,,,
1123,4,OOTO,Direxion Daily Travel & Vacation Bull 2X Shares,,,,
596,4,OPER,ClearShares Ultra-Short Maturity ETF,,,,
1128,4,OPPX,Corbett Road Tactical Opportunity ETF,,,,
734,4,OUNZ,VanEck Merk Gold Trust,,,,
736,4,OVB,Overlay Shares Core Bond ETF,,,,
737,4,OVF,Overlay Shares Foreign Equity ETF,,,,
738,4,OVL,Overlay Shares Large Cap Equity ETF,,,,
739,4,OVLH,Overlay Shares Hedged Large Cap Equity ETF,,,,
740,4,OVM,Overlay Shares Municipal Bond ETF,,,,
741,4,OVS,Overlay Shares Small Cap Equity ETF,,,,
742,4,OVT,Overlay Shares Short Term Bond ETF,,,,
744,4,OWNS,Impact Shares Affordable Housing MBS ETF,,,,
746,4,PAB,PGIM Active Aggregate Bond ETF,,,,
750,4,PAK,Global X MSCI Pakistan ETF,,,,
751,4,PALC,Pacer Lunt Large Cap Multi-Factor Alternator ETF,,,,
752,4,PALL,Aberdeen Standard Physical Palladium Shares ETF,,,,
753,4,PAMC,Pacer Lunt MidCap Multi-Factor Alternator ETF,,,,
760,4,PBD,Invesco Global Clean Energy ETF,,,,
761,4,PBE,Invesco Dynamic Biotechnology & Genome ETF,,,,
762,4,PBJ,Invesco Dynamic Food & Beverage ETF,,,,
764,4,PBP,Invesco S&P 500 BuyWrite ETF,,,,
765,4,PBS,Invesco Dynamic Media ETF,,,,
767,4,PBUG,Pacer iPath Gold Trendpilot Exchange-Traded Notes,,,,
768,4,PBW,Invesco WilderHill Clean Energy ETF,,,,
769,4,PCEF,Invesco CEF Income Composite ETF,,,,
774,4,PCY,Invesco Emerging Markets Sovereign Debt ETF,,,,
775,4,PDN,Invesco FTSE RAFI Developed Markets ex-U.S. Small-Mid ETF,,,,
781,4,PEJ,Invesco Dynamic Leisure and Entertainment ETF,,,,
783,4,PEXL,Pacer US Export Leaders ETF,,,,
785,4,PFFA,Virtus InfraCap U.S. Preferred Stock ETF,,,,
901,4,PFFD,Global X U.S. Preferred ETF,,,,
786,4,PFFL,ETRACS Monthly Pay 2xLeveraged Preferred Stock ETN,,,,
787,4,PFFR,InfraCap REIT Preferred ETF,,,,
788,4,PFFV,Global X Variable Rate Preferred ETF,,,,
732,4,PFIG,Invesco Fundamental Investment Grade Corporate Bond ETF,,,,
733,4,PFIX,Simplify Interest Rate Hedge ETF,,,,
735,4,PFLD,AAM Low Duration Preferred and Income Securities ETF,,,,
1142,4,PFUT,Putnam Sustainable Future ETF,,,,
745,4,PFXF,VanEck Preferred Securities ex Financials ETF,,,,
850,4,PGAL,Global X MSCI Portugal ETF,,,,
747,4,PGF,Invesco Financial Preferred ETF,,,,
748,4,PGHY,Invesco Global Short Term High Yield Bond ETF,,,,
749,4,PGM,iPath Series B Bloomberg Platinum Subindex Total ReturnSM ETN,,,,
755,4,PGRO,Putnam Focused Large Cap Growth ETF,,,,
758,4,PGX,Invesco Preferred ETF,,,,
1143,4,PHB,Invesco Fundamental High Yield Corporate Bond ETF,,,,
763,4,PHDG,Invesco S&P 500 Downside Hedged ETF,,,,
771,4,PHYL,PGIM Active High Yield Bond ETF,,,,
772,4,PHYS,Sprott Physical Gold Trust,Financial Services,Asset Management,Canada,http://sprott.com/investment-strategies/physical-bullion-trusts/gold/net-asset-value-premium-discount/
773,4,PICB,Invesco International Corporate Bond ETF,,,,
1144,4,PIFI,ClearShares Piton Intermediate Fixed Income ETF,,,,
776,4,PILL,Direxion Daily Pharmaceutical & Medical Bull 3X Shares,,,,
777,4,PIN,Invesco India ETF,,,,
778,4,PINK,Simplify Health Care ETF,,,,
780,4,PJP,Invesco Dynamic Pharmaceuticals ETF,,,,
782,4,PKB,Invesco Dynamic Building & Construction ETF,,,,
743,4,PLAT,WisdomTree Growth Leaders Fund,,,,
1221,4,PLDR,Putnam Sustainable Leaders ETF,,,,
766,4,PLTM,GraniteShares Platinum Shares,,,,
770,4,PPA,Invesco Aerospace & Defense ETF,,,,
759,4,PPLT,Aberdeen Standard Physical Platinum Shares ETF,,,,
784,4,PPTY,U.S. Diversified Real Estate ETF,,,,
754,4,PQDI,Principal Spectrum Tax-Advantaged Dividend Active ETF,,,,
757,4,PQIN,PGIM QMA Strategic Alpha International Equity ETF,,,,
756,4,PREF,Principal Spectrum Preferred Securities Active ETF,,,,
779,4,PRF,Invesco FTSE RAFI US 1000 ETF,,,,
308,4,PSDN,AdvisorShares Poseidon Dynamic Cannabis ETF,,,,
1224,4,PSI,Invesco Dynamic Semiconductors ETF,,,,
311,4,PSIL,AdvisorShares Psychedelics ETF,,,,
313,4,PSJ,Invesco Dynamic Software ETF,,,,
314,4,PSK,SPDR ICE Preferred Securities ETF,,,,
317,4,PSLV,Sprott Physical Silver Trust,Financial Services,Asset Management,Canada,http://sprott.com/investment-strategies/physical-bullion-trusts/silver/net-asset-value-premium-discount/
321,4,PSP,Invesco Global Listed Private Equity ETF,,,,
322,4,PSQ,ProShares Short QQQ,,,,
323,4,PSR,Invesco Active U.S. Real Estate Fund,,,,
1209,4,PST,ProShares Trust UltraShort Lehman 7-10 Year Treasury,,,,
326,4,PSY,Defiance Next Gen Altered Experience ETF,,,,
853,4,PTBD,Pacer Trendpilot US Bond ETF,,,,
333,4,PTIN,Pacer Trendpilot International ETF,,,,
342,4,PULS,PGIM Ultra Short Bond ETF,,,,
349,4,PUTW,WisdomTree CBOE S&P 500 PutWrite Strategy Fund,,,,
350,4,PVAL,Putnam Focused Large Cap Value ETF,,,,
351,4,PVI,Invesco VRDO Tax-Free ETF,,,,
355,4,PWB,Invesco Dynamic Large Cap Growth ETF,,,,
356,4,PWC,Invesco Dynamic Market ETF,,,,
357,4,PWV,Invesco Dynamic Large Cap Value ETF,,,,
358,4,PWZ,Invesco California AMT-Free Municipal Bond ETF,,,,
360,4,PXE,Invesco Dynamic Energy Exploration & Production ETF,,,,
361,4,PXF,Invesco FTSE RAFI Developed Markets ex-U.S. ETF,,,,
362,4,PXH,Invesco FTSE RAFI Emerging Markets ETF,,,,
33,4,PXJ,Invesco Dynamic Oil & Gas Services ETF,,,,
1786,4,PXQ,Invesco Dynamic Networking ETF,,,,
367,4,PYPE,"ETRACS NYSE Pickens Core Midstream Index ETN due August 20, 2048",,,,
368,4,PZA,Invesco National AMT-Free Municipal Bond ETF,,,,
369,4,PZT,Invesco New York AMT-Free Municipal Bond ETF,,,,
370,4,QAI,IQ Hedge Multi-Strategy Tracker ETF,,,,
371,4,QARP,Xtrackers Russell 1000 US Quality at a Reasonable Price ETF,,,,
1155,4,QDEF,FlexShares Quality Dividend Defensive Index Fund,,,,
295,4,QDF,FlexShares Quality Dividend Index Fund,,,,
296,4,QDIV,Global X S&P 500 Quality Dividend ETF,,,,
297,4,QDPL,Pacer Metaurus US Large Cap Dividend Multiplier 400 ETF,,,,
298,4,QDYN,FlexShares Quality Dividend Dynamic Index Fund,,,,
299,4,QED,IQ Hedge Event-Driven Tracker ETF,,,,
300,4,QEFA,SPDR MSCI EAFE StrategicFactors ETF,,,,
301,4,QEMM,SPDR MSCI Emerging Markets StrategicFactors ETF,,,,
304,4,QGRO,American Century STOXX U.S. Quality Growth ETF,,,,
306,4,QID,ProShares UltraShort QQQ,,,,
309,4,QINT,American Century Quality Diversified International ETF,,,,
312,4,QLD,ProShares Ultra QQQ,,,,
315,4,QLS,IQ Hedge Long/Short Tracker ETF,,,,
316,4,QLTA,iShares Aaa - A Rated Corporate Bond ETF,,,,
318,4,QLV,FlexShares US Quality Low Volatility Index Fund,,,,
319,4,QLVD,FlexShares Developed Markets ex-US Quality Low Volatility Index Fund,,,,
320,4,QLVE,FlexShares Emerging Markets Quality Low Volatility Index Fund,,,,
325,4,QMN,IQ Hedge Market Neutral Tracker ETF,,,,
328,4,QPT,AdvisorShares Q Portfolio Blended Allocation ETF,,,,
329,4,QPX,AdvisorShares Q Dynamic Growth ETF,,,,
330,4,QQH,HCM Defender 100 Index ETF,,,,
331,4,QQQE,Direxion NASDAQ-100 Equal Weighted Index Shares,,,,
332,4,QRFT,Qraft AI-Enhanced US Large Cap ETF,,,,
854,4,QSY,WisdomTree U.S. Quality Shareholder Yield Fund,,,,
336,4,QTUM,Defiance Quantum ETF,,,,
341,4,QULL,ETRACS 2x Leveraged MSCI US Quality Factor TR ETN,,,,
343,4,QUS,SPDR MSCI USA StrategicFactors ETF,,,,
344,4,QVML,Invesco S&P 500 QVM Multi-factor ETF,,,,
345,4,QVMM,Invesco S&P MidCap 400 QVM Multi-factor ETF,,,,
346,4,QVMS,Invesco S&P SmallCap 600 QVM Multi-factor ETF,,,,
855,4,QWLD,SPDR MSCI World StrategicFactors ETF,,,,
352,4,RAAX,VanEck Inflation Allocation ETF,,,,
354,4,RAFE,PIMCO RAFI ESG U.S. ETF,,,,
359,4,RALS,ProShares RAFI Long/Short,,,,
364,4,RAVI,FlexShares Ready Access Variable Income Fund,,,,
365,4,RAYC,Rayliant Quantamental China Equity ETF,,,,
372,4,RBIN,Nationwide Risk-Based International Equity ETF,,,,
290,4,RBND,SPDR Bloomberg SASB Corporate Bond ESG Select ETF,,,,
294,4,RBUS,Nationwide Risk-Based U.S. Equity ETF,,,,
305,4,RCD,Invesco S&P 500 Equal Weight Consumer Discretionary ETF,,,,
1156,4,RDIV,Invesco S&P Ultra Dividend Revenue ETF,,,,
353,4,RDOG,ALPS REIT Dividend Dogs ETF,,,,
1159,4,RECS,Columbia Research Enhanced Core ETF,,,,
366,4,REET,iShares Global REIT ETF,,,,
1162,4,REK,ProShares Short Real Estate,,,,
289,4,REML,Credit Suisse X-Links Monthly Pay 2xLeveraged Mortgage REIT ETN,,,,
1167,4,REMX,VanEck Rare Earth/Strategic Metals ETF,,,,
1169,4,RESP,WisdomTree U.S. ESG Fund,,,,
1171,4,RETL,Direxion Daily Retail Bull 3X Shares,,,,
1172,4,REVS,Columbia Research Enhanced Value ETF,,,,
1173,4,REW,Proshares UltraShort Technology,,,,
292,4,REZ,iShares Residential and Multisector Real Estate ETF,,,,
302,4,RFCI,RiverFront Dynamic Core Income,,,,
303,4,RFDA,RiverFront Dynamic US Dividend Advantage ETF,,,,
1174,4,RFFC,RiverFront Dynamic US Flex-Cap ETF,,,,
307,4,RFG,Invesco S&P MidCap 400 Pure Growth ETF,,,,
1175,4,RFV,Invesco S&P MidCap 400 Pure Value ETF,,,,
335,4,RGI,Invesco S&P 500 Equal Weight Industrials ETF,,,,
310,4,RHRX,RH Tactical Rotation ETF,,,,
324,4,RHS,Invesco S&P 500 Equal Weight Consumer Staples ETF,,,,
327,4,RHTX,RH Tactical Outlook ETF,,,,
338,4,RIET,Hoya Capital High Dividend Yield ETF,,,,
339,4,RIGS,RiverFront Strategic Income Fund,,,,
340,4,RIGZ,Viridi Cleaner Energy Crypto-Mining & Semiconductor ETF,,,,
363,4,RINF,ProShares Inflation Expectations ETF,,,,
291,4,RISN,Inspire Tactical Balanced ESG ETF,,,,
293,4,RISR,FolioBeyond Rising Rate ETF,,,,
334,4,RJA,AB Svensk Ekportkredit ELEMENTS Linked to the Rogers International Commodity Index-Agriculture Total,,,,
337,4,RJI,AB Svensk Ekportkredit ELEMENTS Linked to the Rogers International Commodity Index-Total Return,,,,
347,4,RJN,AB Svensk Ekportkredit ELEMENTS Linked to the Rogers International Commodity Index-Energy Total Retu,,,,
348,4,RJZ,AB Svensk Ekportkredit ELEMENTS Linked to the Rogers International Commodity Index-Metals Total Retu,,,,
520,4,RLY,SPDR SSgA Multi-Asset Real Return ETF of SSgA Active Trust,,,,
492,4,ROAM,Hartford Multifactor Emerging Markets ETF,,,,
495,4,ROBO,ROBO Global Robotics & Automation Index ETF,,,,
497,4,RODM,Hartford Multifactor Developed Markets (ex-US) ETF,,,,
499,4,ROKT,SPDR S&P Kensho Final Frontiers ETF,,,,
859,4,ROM,ProShares Ultra Technology,,,,
41,4,ROOF,IQ US REAL ESTATE SMALL CAP ETF,,,,
501,4,RORO,ATAC US Rotation ETF,,,,
502,4,ROSC,Hartford Multifactor Small Cap ETF,,,,
503,4,ROUS,Hartford Multifactor US Equity ETF,,,,
504,4,RPAR,RPAR Risk Parity ETF,,,,
505,4,RPG,Invesco S&P 500 Pure Growth ETF,,,,
506,4,RPV,Invesco S&P 500 Pure Value ETF,,,,
509,4,RRH,Advocate Rising Rate Hedge ETF,,,,
511,4,RSP,Invesco S&P 500 Equal Weight ETF,,,,
512,4,RSPE,Invesco ESG S&P 500 Equal Weight ETF,,,,
513,4,RSPY,Revere Sector Opportunity ETF,,,,
517,4,RTM,Invesco S&P 500 Equal Weight Materials ETF,,,,
524,4,RUFF,Alpha Dog ETF,,,,
527,4,RUSL,Direxion Daily Russia Bull 2X Shares,,,,
531,4,RVNU,Xtrackers Municipal Infrastructure Revenue Bond ETF,,,,
45,4,RWGV,Direxion Russell 1000 Growth Over Value ETF,,,,
536,4,RWJ,Invesco S&P SmallCap 600 Revenue ETF,,,,
537,4,RWK,Invesco S&P MidCap 400 Revenue ETF,,,,
538,4,RWL,Invesco S&P 500 Revenue ETF,,,,
539,4,RWM,ProShares Short Russell2000,,,,
540,4,RWO,SPDR  Dow Jones  Global Real Estate ETF,,,,
541,4,RWR,SPDR Dow Jones REIT ETF,,,,
543,4,RWVG,Direxion Russell 1000 Value Over Growth ETF,,,,
546,4,RWX,SPDR Dow Jones  International Real Estate ETF,,,,
547,4,RXD,ProShares UltraShort Health Care,,,,
548,4,RXI,iShares Global Consumer Discretionary ETF,,,,
549,4,RXL,ProShares Ultra Health Care,,,,
554,4,RYE,Invesco S&P 500 Equal Weight Energy ETF,,,,
555,4,RYF,Invesco S&P 500 Equal Weight Financials ETF,,,,
464,4,RYH,Invesco S&P 500 Equal Weight Health Care ETF,,,,
466,4,RYJ,Invesco Raymond James SB-1 Equity ETF,,,,
472,4,RYT,Invesco S&P 500 Equal Weight Technology ETF,,,,
474,4,RYU,Invesco S&P 500 Equal Weight Utilities ETF,,,,
477,4,RZG,Invesco S&P SmallCap 600 Pure Growth ETF,,,,
481,4,RZV,Invesco S&P SmallCap 600 Pure Value ETF,,,,
484,4,SAA,ProShares Ulta SmallCap600,,,,
493,4,SAEF,Schwab Ariel ESG ETF,,,,
1179,4,SAVN,LifeGoal General Conservative Investment ETF,,,,
514,4,SBB,ProShares Short SmallCap600,,,,
519,4,SBIO,ALPS Medical Breakthroughs ETF,,,,
521,4,SBM,ProShares Short Basic Materials,,,,
523,4,SBND,Columbia Short Duration Bond ETF,,,,
534,4,SBUG,iPath Silver ETN,,,,
545,4,SCC,ProShares UltraShort Consumer Services,,,,
552,4,SCDL,ETRACS 2x Leveraged US Dividend Factor TR ETN,,,,
469,4,SCHA,Schwab U.S Small- Cap ETF,,,,
470,4,SCHB,Schwab U.S. Broad Market ETF,,,,
471,4,SCHC,Schwab International Small-Cap Equity ETF,,,,
473,4,SCHD,Schwab US Dividend Equity ETF,,,,
475,4,SCHE,Schwab Emerging Markets Equity ETF,,,,
476,4,SCHF,Schwab International Equity ETF,,,,
478,4,SCHG,Schwab U.S. Large-Cap Growth ETF,,,,
479,4,SCHH,Schwab U.S. REIT ETF,,,,
480,4,SCHI,Schwab 5-10 Year Corporate Bond ETF,,,,
482,4,SCHJ,Schwab 1-5 Year Corporate Bond ETF,,,,
483,4,SCHK,Schwab 1000 Index ETF,,,,
485,4,SCHM,Schwab U.S. Mid-Cap ETF,,,,
486,4,SCHO,Schwab Short-Term U.S. Treasury ETF,,,,
487,4,SCHP,Schwab U.S. TIPS ETF,,,,
488,4,SCHQ,Schwab Long-Term U.S. Treasury ETF,,,,
489,4,SCHR,Schwab Intermediately-Term U.S. Treasury ETF,,,,
490,4,SCHV,Schwab U.S. Large-Cap Value ETF,,,,
494,4,SCHX,Schwab U.S. Large- Cap ETF,,,,
496,4,SCHY,Schwab International Dividend Equity ETF,,,,
498,4,SCHZ,Schwab US Aggregate Bond ETF,,,,
500,4,SCJ,iShares MSCI Japan Small-Cap ETF,,,,
508,4,SCO,ProShares UltraShort Bloomberg Crude Oil,,,,
510,4,SCRD,Janus Henderson Sustainable Corporate Bond ETF,,,,
522,4,SDCI,USCF SummerHaven Dynamic Commodity Strategy No K-1 Fund,,,,
525,4,SDD,ProShares UltraShort SmallCap600,,,,
526,4,SDEF,Sound Enhanced Fixed Income ETF,,,,
528,4,SDEI,Sound Equity Income ETF,,,,
529,4,SDEM,Global X MSCI SuperDividend Emerging Markets ETF,,,,
530,4,SDGA,Impact Shares Sustainable Development Goals Global Equity ETF,,,,
535,4,SDIV,Global X SuperDividend ETF,,,,
544,4,SDOG,ALPS Sector Dividend Dogs ETF,,,,
550,4,SDOW,ProShares UltraPro Short Dow 30,,,,
551,4,SDP,ProShares UltraShort Utilities,,,,
553,4,SDS,ProShares UltraShort S&P500,,,,
491,4,SDY,SPDR S&P Dividend ETF,,,,
515,4,SEF,ProShares Short Financials,,,,
532,4,SEIX,Virtus SEIX Senior Loan ETF,,,,
468,4,SENT,AdvisorShares Alpha DNA Equity Sentiment ETF,,,,
1116,4,SFY,SoFi Select 500 ETF,,,,
1117,4,SFYF,SoFi Social 50 ETF,,,,
1118,4,SFYX,SoFi Next 500 ETF,,,,
465,4,SGDJ,Sprott Junior Gold Miners ETF,,,,
467,4,SGDM,Sprott Gold Miners ETF,,,,
507,4,SGG,iPath Series B Bloomberg Sugar Subindex Total ReturnSM ETN,,,,
516,4,SGOL,Aberdeen Standard Physical Gold Shares ETF,,,,
518,4,SGOV,iShares 0-3 Month Treasury Bond ETF,,,,
542,4,SH,ProShares Short S&P500,,,,
533,4,SHE,SPDR SSGA Gender Diversity Index ETF,,,,
731,4,SHFT,iClima Distributed Renewable Energy Transition Leaders ETF,,,,
645,4,SHM,SPDR Nuveen Bloomberg Short Term Municipal Bond ETF,,,,
646,4,SHUS,Syntax Stratified U.S. Total Market Hedged ETF,,,,
1784,4,SHYG,iShares 0-5 Year High Yield Corporate Bond ETF,,,,
647,4,SHYL,Xtrackers Short Duration High Yield Bond ETF,,,,
648,4,SIFI,Harbor Scientific Alpha Income ETF,,,,
649,4,SIHY,Harbor Scientific Alpha High-Yield ETF,,,,
650,4,SIJ,ProShares UltraShort Industrials,,,,
651,4,SIL,Global X Silver Miners ETF (NEW),,,,
652,4,SILJ,ETFMG Prime Junior Silver Miners ETF,,,,
653,4,SILX,ETFMG Prime 2x Daily Junior Silver Miners ETF,,,,
654,4,SIMS,SPDR S&P Kensho Intelligent Structures ETF,,,,
655,4,SINV,ETFMG Prime 2x Daily Inverse Junior Silver Miners ETF,,,,
656,4,SIVR,Aberdeen Standard Physical Silver Shares ETF,,,,
657,4,SIXA,ETC 6 Meridian Mega Cap Equity ETF,,,,
658,4,SIXH,ETC 6 Meridian Hedged Equity Index Option ETF,,,,
659,4,SIXL,ETC 6 Meridian Low Beta Equity ETF,,,,
660,4,SIXO,AllianzIM U.S. Large Cap 6 Month Buffer10 Apr/Oct ETF,,,,
661,4,SIXS,ETC 6 Meridian Small Cap Equity ETF,,,,
662,4,SIZE,iShares MSCI USA Size Factor ETF,,,,
663,4,SJB,ProShares Short High Yield,,,,
664,4,SJNK,SPDR Bloomberg Short Term High Yield Bond ETF,,,,
665,4,SKF,ProShares UltraShort Financials,,,,
666,4,SLV,iShares Silver Trust,,,,
667,4,SLX,VanEck Steel ETF,,,,
668,4,SLY,SPDR S&P 600 Small Cap ETF (based on S&P SmallCap 600 Index--symbol SML),,,,
669,4,SLYG,SPDR S&P 600 Small Cap Growth ETF (based on S&P SmallCap 600 Growth Index--symbol: CKG),,,,
670,4,SLYV,SPDR S&P 600 Small Cap Value ETF (based on S&P SmallCap 600 Value Index symbol--CVK),,,,
671,4,SMDD,ProShares UltraPro Short MidCap400,,,,
672,4,SMDY,Syntax Stratified MidCap ETF,,,,
673,4,SMHB,ETRACS 2xMonthly Pay Leveraged US Small Cap High Dividend ETN Series B,,,,
674,4,SMIG,AAM Bahl & Gaynor Small/Mid Cap Income Growth ETF,,,,
675,4,SMLE,Xtrackers S&P SmallCap 600 ESG ETF,,,,
676,4,SMLF,iShares MSCI USA Small-Cap Multifactor ETF,,,,
677,4,SMLV,SPDR SSGA US Small Cap Low Volatility Index ETF,,,,
678,4,SMMU,PIMCO Short Term Municipal Bond Active Exchange-Traded Fund,,,,
679,4,SMN,ProShares UltraShort Basic Materials,,,,
680,4,SMOG,VanEck Low Carbon Energy ETF,,,,
681,4,SNPE,Xtrackers S&P 500 ESG ETF,,,,
682,4,SOGU,The Short De-SPAC ETF,,,,
1138,4,SOXL,Direxion Daily Semiconductor Bull 3X Shares,,,,
683,4,SOXS,Direxion Daily Semiconductor Bear 3X Shares,,,,
684,4,SOYB,Teucrium Soybean Fund,,,,
685,4,SPAB,SPDR Portfolio Aggregate Bond ETF,,,,
686,4,SPAK,Defiance Next Gen SPAC Derived ETF,,,,
687,4,SPAX,Robinson Alternative Yield Pre-merger SPAC ETF,,,,
1139,4,SPBO,SPDR Portfolio Corporate Bond ETF,,,,
1140,4,SPCX,The SPAC and New Issue ETF,,,,
1141,4,SPD,Simplify US Equity PLUS Downside Convexity ETF,,,,
688,4,SPDN,Direxion Daily S&P 500 Bear 1X Shares,,,,
689,4,SPDV,AAM S&P 500 High Dividend Value ETF,,,,
690,4,SPDW,SPDR Portfolio Developed World ex-US ETF,,,,
48,4,SPEM,SPDR Portfolio Emerging Markets ETF,,,,
691,4,SPEU,SPDR Portfolio Europe ETF,,,,
692,4,SPFF,Global X SuperIncome Preferred ETF,,,,
1146,4,SPGM,SPDR Portfolio MSCI Global Stock Market ETF,,,,
1147,4,SPGP,Invesco S&P 500 GARP ETF,,,,
1149,4,SPHB,Invesco S&P 500 High Beta ETF,,,,
1150,4,SPHD,Invesco S&P 500 High Dividend Low Volatility ETF,,,,
1151,4,SPHQ,Invesco S&P 500 Quality ETF,,,,
1152,4,SPHY,SPDR Portfolio High Yield Bond ETF,,,,
1153,4,SPIB,SPDR Portfolio Intermediate Term Corporate Bond ETF,,,,
1154,4,SPIP,SPDR Portfolio TIPS ETF,,,,
1157,4,SPLB,SPDR Portfolio Long Term Corporate Bond ETF,,,,
1158,4,SPLG,SPDR Portfolio S&P 500 ETF,,,,
1160,4,SPLV,Invesco S&P 500 Low Volatility ETF,,,,
1161,4,SPMB,SPDR Portfolio Mortgage Backed Bond ETF,,,,
1163,4,SPMD,SPDR Portfolio S&P 400 Mid Cap ETF,,,,
693,4,SPMO,Invesco S&P 500 Momentum ETF,,,,
694,4,SPPP,Sprott Physical Platinum and Palladium Trust,Basic Materials,Other Precious Metals & Mining,Canada,http://sprott.com/investment-strategies/physical-bullion-trusts/platinum-and-palladium/net-asset-value-premium-discount/
695,4,SPRE,SP Funds S&P Global REIT Sharia ETF,,,,
696,4,SPSB,SPDR Portfolio Short Term Corporate Bond ETF,,,,
697,4,SPSK,SP Funds Dow Jones Global Sukuk ETF,,,,
698,4,SPSM,SPDR Portfolio S&P 600 Small Cap ETF,,,,
699,4,SPTI,SPDR Portfolio Intermediate Term Treasury ETF,,,,
700,4,SPTL,SPDR Portfolio Long Term Treasury ETF,,,,
701,4,SPTM,SPDR Portfolio S&P 1500 Composite Stock Market ETF,,,,
702,4,SPTS,SPDR Portfolio Short Term Treasury ETF,,,,
703,4,SPUC,Simplify US Equity PLUS Upside Convexity ETF,,,,
704,4,SPUS,SP Funds S&P 500 Sharia  ETF,,,,
705,4,SPUU,Direxion Daily S&P 500 Bull 2X Shares,,,,
1164,4,SPVM,Invesco S&P 500 Value with Momentum ETF,,,,
43,4,SPVU,Invesco S&P 500 Enhanced Value ETF,,,,
706,4,SPXB,ProShares S&P 500 Bond ETF,,,,
707,4,SPXE,ProShares S&P 500 Ex-Energy ETF,,,,
708,4,SPXL,Direxion Daily S&P 500  Bull 3x Shares,,,,
709,4,SPXN,ProShares S&P 500 Ex-Financials ETF,,,,
710,4,SPXS,Direxion Daily S&P 500 Bear 3x Shares,,,,
711,4,SPXT,ProShares S&P 500 Ex-Technology ETF,,,,
712,4,SPXU,ProShares UltraPro Short S&P 500,,,,
713,4,SPXV,ProShares S&P 500 Ex-Health Care ETF,,,,
714,4,SPXZ,Morgan Creek - Exos SPAC Originated ETF,,,,
715,4,SPY,SPDR S&P 500 ETF Trust,,,,
716,4,SPYC,Simplify US Equity PLUS Convexity ETF,,,,
717,4,SPYD,SPDR Portfolio S&P 500 High Dividend ETF,,,,
718,4,SPYG,SPDR Portfolio S&P 500 Growth ETF,,,,
719,4,SPYV,SPDR Portfolio S&P 500 Value ETF,,,,
720,4,SPYX,SPDR S&P 500 Fossil Fuel Free ETF,,,,
721,4,SQEW,LeaderShares Equity Skew ETF,,,,
722,4,SRLN,SPDR Blackstone Senior Loan ETF,,,,
723,4,SRS,ProShares UltraShort Real Estate,,,,
724,4,SRTY,ProShares UltraPro Short Russell2000,,,,
725,4,SRVR,Pacer Benchmark Data & Infrastructure Real Estate SCTR ETF,,,,
46,4,SSFI,Day Hagan/Ned Davis Research Smart Sector Fixed Income ETF,,,,
726,4,SSG,ProShares UltraShort Semiconductors,,,,
863,4,SSLY,Syntax Stratified SmallCap ETF,,,,
727,4,SSO,ProShares Ultra S&P500,,,,
728,4,SSPX,Janus Henderson US Sustainable EquityETF,,,,
42,4,SSPY,Syntax Stratified LargeCap ETF,,,,
729,4,SSUS,Day Hagan Ned Davis Research Smart Sector ETF,,,,
730,4,STBL,DriveWealth Steady Saver ETF,,,,
644,4,STIP,iShares 0-5 Year TIPS Bond ETF,,,,
1622,4,STNC,Stance Equity ESG Large Cap Core ETF,,,,
1623,4,STPZ,PIMCO 1-5 Year U.S. TIPS Index Exchange-Traded Fund,,,,
1624,4,SUB,iShares Short-Term National Muni Bond ETF,,,,
1625,4,SUBS,Fount Subscription Economy ETF,,,,
1626,4,SUBZ,Roundhill Streaming Services & Technology ETF,,,,
1627,4,SUNY,LifeGoal Vacation Investment ETF,,,,
1636,4,SUSA,iShares MSCI USA ESG Select ETF,,,,
398,4,SVOL,Simplify Volatility Premium ETF,,,,
443,4,SWAN,Amplify BlackSwan Growth & Treasure Core ETF,,,,
858,4,SXQG,ETC 6 Meridian Quality Growth ETF,,,,
839,4,SXUS,Janus Henderson International Sustainable Equity ETF,,,,
840,4,SYUS,Syntax Stratified U.S. Total Market ETF,,,,
864,4,SZK,ProShares UltraShort Consumer Goods,,,,
862,4,SZNE,Pacer CFRA- Stoval Equal Weight Seasonal Rotation ETF,,,,
902,4,TADS,The Active Dividend Stock ETF,,,,
833,4,TAGG,T. Rowe Price QM U.S. Bond ETF,,,,
852,4,TAGS,Teucrium Agricultural Fund,,,,
851,4,TAN,Invesco Solar ETF,,,,
831,4,TAXF,American Century Diversified Municipal Bond ETF,,,,
1111,4,TBF,ProShares Short 20+ Year Treasury ETF,,,,
832,4,TBT,ProShares Trust UltraShort Lehman 20+ Year Treasury,,,,
836,4,TBUX,T. Rowe Price Ultra Short-Term Bond ETF,,,,
53,4,TBX,ProShares Short 7-10 Year Treasury,,,,
1126,4,TCHP,T. Rowe Price Blue Chip Growth ETF,,,,
1628,4,TDSA,Cabana Target Drawdown 5 ETF,,,,
1629,4,TDSB,Cabana Target Drawdown 7 ETF,,,,
1630,4,TDSC,Cabana Target Drawdown 10 ETF,,,,
1631,4,TDSD,Cabana Target Drawdown 13 ETF,,,,
1632,4,TDSE,Cabana Target Drawdown 16 ETF,,,,
842,4,TDTF,FlexShares iBoxx 5-Year Target Duration TIPS Index Fund,,,,
843,4,TDTT,FlexShares iBoxx 3-Year Target Duration TIPS Index Fund,,,,
844,4,TDVG,T. Rowe Price Dividend Growth ETF,,,,
846,4,TECB,iShares U.S. Tech Breakthrough Multisector ETF,,,,
847,4,TECL,Direxion Daily Technology Bull 3x Shares,,,,
848,4,TECS,Direxion Daily Technology Bear 3x Shares,,,,
849,4,TENG,Direxion Daily 5G Communications Bull 2X Shares,,,,
1633,4,TEQI,T. Rowe Price Equity Income ETF,,,,
856,4,TFI,SPDR Nuveen Bloomberg Municipal Bond ETF,,,,
857,4,TFLO,iShares Treasury Floating Rate Bond ETF,,,,
860,4,TGIF,SoFi Weekly Income ETF,,,,
861,4,TGRW,T. Rowe Price Growth Stock ETF,,,,
54,4,THCX,The Cannabis ETF,,,,
1634,4,THD,iShares MSCI Thailand ETF,,,,
1635,4,THNQ,ROBO Global Artificial Intelligence ETF,,,,
49,4,TINT,ProShares Smart Materials ETF,,,,
1637,4,TINY,ProShares Nanotechnology ETF,,,,
1638,4,TIP,iShares TIPS Bond ETF,,,,
1639,4,TIPX,SPDR Bloomberg 1-10 Year TIPS ETF,,,,
1640,4,TIPZ,PIMCO Broad U.S. TIPS Index Exchange-Traded Fund,,,,
1641,4,TLH,iShares 10-20 Year Treasury Bond ETF,,,,
1642,4,TLTD,FlexShares Morningstar Developed Markets ex-US Factor Tilt Index Fund,,,,
1643,4,TLTE,FlexShares Morningstar Emerging Markets Factor Tilt Index Fund,,,,
1644,4,TMF,Direxion Daily 20+ Year Treasury Bull 3X Shares (based on the NYSE 20 Year Plus Treasury Bond Index;,,,,
1645,4,TMV,Direxion Daily 20+ Year Treasury Bear 3X Shares (based on the NYSE 20 Year Plus Treasury Bond Index;,,,,
1646,4,TNA,Direxion Daily Small Cap Bull 3x Shares,,,,
1647,4,TOK,iShares MSCI Kokusai Fund,,,,
1648,4,TOLZ,ProShares DJ Brookfield Global Infrastructure ETF,,,,
1621,4,TOTL,SSgA Active ETF Trust SPDR DoubleLine Total Return Tactical ETF,,,,
1649,4,TOTR,T. Rowe Price Total Return ETF,,,,
1650,4,TPAY,Ecofin Digital Payments Infrastructure Fund,,,,
1651,4,TPHD,Timothy Plan High Dividend Stock ETF,,,,
1652,4,TPHE,TIMOTHY PLAN HIGH DIVIDEND STOCK ENHANCED ETF,,,,
1653,4,TPIF,Timothy Plan International ETF,,,,
1654,4,TPLC,Timothy Plan US Large/Mid Cap Core ETF,,,,
1655,4,TPLE,TIMOTHY PLAN US LARGE/MID CAP CORE ENHANCED ETF,,,,
1656,4,TPOR,Direxion Daily Transportation Bull 3X Shares,,,,
47,4,TPSC,Timothy Plan US Small Cap Core ETF,,,,
1657,4,TPYP,Tortoise North American Pipeline ETF,,,,
1658,4,TRND,Pacer Trendpilot Fund of Funds ETF,,,,
1659,4,TRPL,Pacer Metaurus US Large Cap Dividend Multiplier 300 ETF,,,,
1660,4,TRYP,"SonicShares Airlines, Hotels, Cruise Lines ETF",,,,
1661,4,TSPA,T. Rowe Price U.S. Equity Research ETF,,,,
1662,4,TTT,ProShares UltraPro Short 20+ Year Treasury,,,,
373,4,TWIO,Trajan Wealth Income Opportunities ETF,,,,
374,4,TWM,ProShares UltraShort Russell2000,,,,
375,4,TYD,Direxion Daily 7-10 Year Treasury Bull 3X Shares (based on the NYSE 7-10 Year Treasury Bond Index; s,,,,
557,4,TYNE,Direxion Nanotechnology ETF,,,,
376,4,TYO,Direxion Daily 7-10 Year Treasury Bear 3X Shares (based on the NYSE 7-10 Year Treasury Bond Index; s,,,,
377,4,TZA,Direxion Daily Small Cap Bear 3x Shares,,,,
378,4,UBOT,"Direxion Daily Robotics, Artificial Intelligence & Automation Index Bull 2X Shares",,,,
379,4,UBR,ProShares Ultra MSCI Brazil Capped,,,,
380,4,UBT,ProShares Ultra 20+ Year Treasury,,,,
381,4,UCC,ProShares Ultra Consumer Services,,,,
382,4,UCIB,"ETRACS UBS Bloomberg Constant Maturity Commodity Index (CMCI) Total Return ETN Series B due April 5,",,,,
383,4,UCO,ProShares Ultra Bloomberg Crude Oil,,,,
384,4,UCON,First Trust TCW Unconstrained Plus Bond ETF,,,,
52,4,UDN,Invesco DB US Dollar Index Bearish Fund,,,,
51,4,UDOW,ProShares UltraPro Dow 30,,,,
385,4,UEVM,VictoryShares USAA MSCI Emerging Markets Value Momentum ETF,,,,
386,4,UGA,"United States Gasoline Fund, LP",,,,
387,4,UGCE,Uncommon Portfolio Design Core Equity ETF,,,,
388,4,UGE,ProShares Ultra Consumer Good,,,,
389,4,UGL,ProShares Ultra Gold,,,,
390,4,UITB,VictoryShares USAA Core Intermediate-Term Bond ETF,,,,
391,4,UIVM,VictoryShares USAA MSCI International Value Momentum ETF,,,,
392,4,UJB,ProShares Ultra High Yield,,,,
1,4,ULE,ProShares Ultra Euro,,,,
826,4,ULST,SPDR SSgA Ultra Short Term Bond ETF of SSgA Active Trust,,,,
1181,4,ULTR,IQ Ultra Short Duration ETF,,,,
393,4,ULVM,VictoryShares USAA MSCI USA Value Momentum ETF,,,,
394,4,UMDD,ProShares UltraPro MidCap400,,,,
395,4,UMI,USCF Midstream Energy Income Fund,,,,
396,4,UNG,"United States Natural Gas Fund, LP Unit",,,,
397,4,UNL,"United States 12 Month Natural Gas Fund, LP",,,,
399,4,UPRO,ProShares UltraPro S&P 500,,,,
400,4,UPV,ProShares Ultra FTSE Europe,,,,
401,4,UPW,ProShares Ultra Utilities,,,,
402,4,URA,Global X Uranium ETF,,,,
903,4,URE,ProShares Ultra Real Estate,,,,
403,4,URNM,NorthShore Global Uranium Mining ETF,,,,
404,4,URTH,iShares MSCI World ETF,,,,
405,4,URTY,ProShares UltraPro Russell2000,,,,
406,4,USAI,Pacer American Energy Independence ETF,,,,
407,4,USCI,US Commodity Index,,,,
408,4,USD,ProShares Ultra Semiconductors,,,,
409,4,USDU,WisdomTree Bloomberg U.S. Dollar Bullish Fund,,,,
1110,4,USFR,WisdomTree Floating Rate Treasury Fund,,,,
410,4,USI,Principal Ultra-Short Active Income ETF,,,,
411,4,USL,"United States 12 Month Oil Fund, LP",,,,
412,4,USML,ETRACS 2x Leveraged MSCI US Minimum Volatility Factor TR ETN,,,,
413,4,USO,"United States Oil Fund, LP",,,,
1112,4,USRT,iShares Core U.S. REIT ETF,,,,
1114,4,USSG,Xtrackers MSCI USA ESG Leaders Equity ETF,,,,
414,4,UST,ProShares Ultra 7-10 Year Treasury,,,,
415,4,USTB,VictoryShares USAA Core Short-Term Bond ETF,,,,
828,4,USVM,VictoryShares USAA MSCI USA Small Cap Value Momentum ETF,,,,
1119,4,USVT,US Value ETF,,,,
1120,4,UTES,Virtus Reaves Utilities ETF,,,,
1122,4,UTRN,Vesper US Large Cap Short-Term Reversal Strategy ETF,,,,
1125,4,UTSL,Direxion Daily Utilities Bull 3X Shares,,,,
1129,4,UUP,Invesco DB US Dollar Index Bullish Fund,,,,
1130,4,UVDV,UVA Dividend Value ETF,,,,
44,4,UWM,ProShares Ultra Russell2000,,,,
1131,4,UXI,ProShares Ultra Industrials,,,,
1132,4,UYG,ProShares Ultra Financials,,,,
1133,4,UYM,ProShares Ultra Basic Materials,,,,
1136,4,VABS,Virtus Newfleet ABS/MBS ETF,,,,
416,4,VALQ,American Century STOXX U.S. Quality Value ETF,,,,
417,4,VALT,ETFMG Sit Ultra Short ETF,,,,
829,4,VAW,Vanguard Materials ETF,,,,
418,4,VB,Vanguard Small-Cap ETF,,,,
1145,4,VBK,Vanguard Small-Cap Growth ETF,,,,
1148,4,VBND,Vident Core US Bond Strategy ETF,,,,
4,4,VBR,Vanguard Small-Cap Value ETF,,,,
419,4,VCAR,Simplify Volt RoboCar Disruption and Tech ETF,,,,
1165,4,VCLN,Virtus Duff & Phelps Clean Energy ETF,,,,
1166,4,VCLO,Simplify Volt Cloud and Cybersecurity Disruption ETF,,,,
1168,4,VCR,Vanguard Consumer Discretionary ETF,,,,
420,4,VDC,Vanguard Consumer Staples ETF,,,,
421,4,VDE,Vanguard Energy ETF,,,,
422,4,VEA,Vanguard FTSE Developed Markets ETF,,,,
423,4,VEGA,AdvisorShares STAR Global Buy-Write ETF,,,,
424,4,VEGI,iShares MSCI Global Agriculture Producers ETF,,,,
425,4,VEGN,US Vegan Climate ETF,,,,
426,4,VEU,Vanguard FTSE All-World Ex-US ETF,,,,
427,4,VFH,Vanguard Financials ETF,,,,
428,4,VFIN,Simplify Volt Fintech Disruption ETF,,,,
429,4,VGK,Vanguard FTSE Europe ETF,,,,
430,4,VGT,Vanguard Information Technology ETF,,,,
431,4,VHT,Vanguard Health Care ETF,,,,
432,4,VICE,AdvisorShares Vice ETF,,,,
433,4,VIDI,Vident International Equity Fund,,,,
434,4,VIG,Vanguard Dividend Appreciation ETF,,,,
435,4,VIOG,Vanguard S&P Small-Cap 600 Growth ETF,,,,
436,4,VIOO,Vanguard S&P Small-Cap 600 ETF,,,,
437,4,VIOV,Vanguard S&P Small-Cap 600 Value ETF,,,,
39,4,VIS,Vanguard Industrials ETF,,,,
438,4,VLU,SPDR S&P 1500 Value Tilt ETF,,,,
439,4,VNLA,Janus Henderson Short Duration Income ETF,,,,
440,4,VNMC,Natixis Vaughan Nelson Mid Cap ETF,,,,
441,4,VNQ,Vanguard Real Estate ETF,,,,
40,4,VNSE,Natixis Vaughan Nelson Select ETF,,,,
50,4,VO,Vanguard Mid-Cap ETF,,,,
442,4,VOE,Vanguard Mid-Cap Value ETF,,,,
444,4,VOO,Vanguard S&P 500 ETF,,,,
445,4,VOOG,Vanguard S&P 500 Growth ETF,,,,
446,4,VOOV,Vanguard S&P 500 Value ETF,,,,
447,4,VOT,Vanguard Mid-Cap Growth ETF,,,,
448,4,VOX,Vanguard Communication Services ETF,,,,
449,4,VPC,Virtus Private Credit Strategy ETF,,,,
450,4,VPL,Vanguard FTSE Pacific ETF,,,,
451,4,VPOP,Simplify Volt Pop Culture Disruption ETF,,,,
452,4,VPU,Vanguard Utilities ETF,,,,
453,4,VRAI,Virtus Real Asset Income ETF,,,,
838,4,VRP,Invesco Variable Rate Preferred ETF,,,,
454,4,VSL,Volshares Large Cap ETF,,,,
455,4,VSLU,Applied Finance Valuation Large Cap ETF,,,,
456,4,VSPY,VectorShares Min Vol ETF,,,,
457,4,VSS,Vanguard FTSE All-World EX-US Small-Cap Index Fund,,,,
458,4,VT,Vanguard Total World Stock ETF,,,,
459,4,VTEB,Vanguard Tax-Exempt Bond Index Fund,,,,
460,4,VTI,Vanguard Total Stock Market ETF,,,,
461,4,VTV,Vanguard Value ETF,,,,
462,4,VUG,Vanguard Growth ETF,,,,
14,4,VUSE,Vident Core U.S. Equity Fund,,,,
463,4,VV,Vanguard Large-Cap ETF,,,,
1185,4,VWO,Vanguard FTSE Emerging Markets ETF,,,,
212,4,VXF,Vanguard Extended Market ETF,,,,
1180,4,VYM,Vanguard High Dividend Yield ETF,,,,
215,4,WANT,Direxion Daily Consumer Discretionary Bull 3X Shares,,,,
219,4,WBIF,WBI BullBear Value 3000 ETF,,,,
220,4,WBIG,WBI BullBear Yield 3000 ETF,,,,
221,4,WBII,WBI BullBear Global Income ETF,,,,
222,4,WBIL,WBI BullBear Quality 3000 ETF,,,,
223,4,WBIT,WBI BullBear Trend Switch US 3000 Total Return ETF,,,,
224,4,WBIY,WBI Power FactorTM High Dividend ETF,,,,
233,4,WDIV,SPDR S&P Global Dividend ETF,,,,
236,4,WEAT,Teucrium Wheat Fund,,,,
1127,4,WEBL,Direxion Daily Dow Jones Internet Bull 3X Shares,,,,
237,4,WEBS,Direxion Daily Dow Jones Internet Bear 3X Shares,,,,
1137,4,WFH,Direxion Work From Home ETF,,,,
248,4,WGLD,wShares Enhanced Gold ETF,,,,
256,4,WIP,SPDR FTSE International Government Inflation-Protected Bond ETF,,,,
258,4,WKLY,SoFi Weekly Dividend ETF,,,,
262,4,WLTH,LifeGoal Wealth Builder ETF,,,,
281,4,WOMN,Impact Shares YWCA Women's Empowerment ETF,,,,
286,4,WPS,iShares International Developed Property ETF,,,,
232,4,WTMF,WisdomTree Managed Futures Strategy Fund,,,,
240,4,WWJD,Inspire International ESG ETF,,,,
243,4,WWOW,Direxion World Without Waste ETF,,,,
249,4,XAR,SPDR S&P Aerospace & Defense ETF,,,,
1193,4,XBI,SPDR S&P Biotech ETF,,,,
250,4,XBUY,Amplify International Online Retail ETF,,,,
251,4,XCEM,Columbia EM Core ex-China ETF,,,,
252,4,XCLR,Global X S&P 500 Collar 95-110 ETF,,,,
257,4,XDIV,U.S. Equity Ex-Dividends Fund - Series 2027,,,,
259,4,XES,SPDR S&P Oil & Gas  Equipment & Services ETF,,,,
263,4,XHB,SPDR S&P Homebuilders ETF,,,,
264,4,XHE,SPDR S&P Health Care Equipment ETF,,,,
265,4,XHS,SPDR S&P Health Care Services ETF,,,,
266,4,XITK,SPDR FactSet Innovative Technology ETF,,,,
267,4,XLB,Materials Select Sector SPDR Fund,,,,
268,4,XLC,The Communication Services Select Sector SPDR Fund,,,,
269,4,XLE,Energy Select Sector SPDR Fund,,,,
270,4,XLF,Financial Select Sector SPDR Fund,,,,
271,4,XLG,Invesco S&P 500 Top 50 ETF,,,,
272,4,XLI,Industrial Select Sector SPDR Fund,,,,
273,4,XLK,Technology Select Sector SPDR Fund,,,,
274,4,XLP,Consumers Staples Select Sector SPDR Fund,,,,
275,4,XLRE,Real Estate Select Sector SPDR Fund,,,,
276,4,XLSR,SPDR SSGA US Sector Rotation ETF,,,,
277,4,XLU,Utilities Select Sector SPDR Fund,,,,
278,4,XLV,Health Care Select Sector SPDR Fund,,,,
279,4,XLY,Consumer Discretionary Select Sector SPDR Fund,,,,
280,4,XME,SPDR S&P Metals & Mining ETF,,,,
282,4,XMHQ,Invesco S&P MidCap Quality ETF,,,,
283,4,XMLV,Invesco S&P MidCap Low Volatility ETF,,,,
284,4,XMMO,Invesco S&P MidCap Momentum ETF,,,,
285,4,XMVM,Invesco S&P MidCap Value with Momentum ETF,,,,
288,4,XNTK,SPDR NYSE Technology ETF,,,,
210,4,XOP,SPDR S&P Oil & Gas Exploration & Production ETF,Financial,Closed-End Fund - Equity,United States,http://us.spdrs.com/en/etf/spdr-sp-oil-gas-exploration-production-etf-XOP?fundSeoName=spdr-sp-oil-gas-exploration-production-etf-XOP
211,4,XOUT,GraniteShares XOUT U.S. Large Cap ETF,,,,
213,4,XPH,SPDR S&P Pharmaceuticals ETF,,,,
37,4,XPND,First Trust Expanded Technology ETF,,,,
214,4,XPP,ProShares Ultra FTSE China 50 of PROSHARES TRUST,,,,
217,4,XRLV,Invesco S&P 500 ex-Rate Sensitive Low Volatility ETF,,,,
218,4,XRMI,Global X S&P 500 Risk Managed Income ETF,,,,
559,4,XRT,SPDR S&P Retail ETF,,,,
558,4,XSD,SPDR S&P Semiconductor ETF,,,,
225,4,XSLV,Invesco S&P SmallCap Low Volatility ETF,,,,
226,4,XSMO,Invesco S&P SmallCap Momentum ETF,,,,
228,4,XSOE,WisdomTree Emerging Markets ex-State-Owned Enterprises Fund,,,,
229,4,XSVM,Invesco S&P SmallCap Value with Momentum ETF,,,,
231,4,XSW,SPDR S&P Software & Services ETF,,,,
235,4,XTL,SPDR S&P Telecom ETF,,,,
238,4,XTN,SPDR S&P Transportation ETF,,,,
239,4,XTR,Global X S&P 500 Tail Risk ETF,,,,
244,4,XVOL,Acruence Active Hedge U.S. Equity ETF,,,,
245,4,XWEB,SPDR S&P Internet ETF,,,,
246,4,XYLD,Global X S&P 500 Covered Call ETF,,,,
247,4,XYLG,Global X S&P 500 Covered Call & Growth ETF,,,,
255,4,YANG,Direxion Daily FTSE  China Bear 3X Shares,,,,
260,4,YCL,ProShares Ultra Yen,,,,
261,4,YCS,ProShares UltraShort Yen,,,,
287,4,YINN,Direxion Daily FTSE  China Bull 3X Shares,,,,
216,4,YLD,Principal Active High Yield ETF,,,,
242,4,YOLO,AdvisorShares Pure Cannabis ETF,,,,
227,4,YXI,ProShares Short FTSE China 50 of PROSHARES TRUST,,,,
230,4,YYY,Amplify High Income ETF,,,,
241,4,ZHDG,Zega Buy & Hedge ETF,,,,
254,4,ZIG,The Acquirers Fund,,,,
253,4,ZROZ,PIMCO 25+ Year Zero Coupon U.S. Treasury Index Exchange-Traded Fund,,,,
1787,4,ZSL,ProShares UltraShort Silver,,,,
